2026-04-09 12:36:15.548 - RealTimeSTT: realtimestt - INFO - Starting RealTimeSTT
2026-04-09 12:36:15.594 - RealTimeSTT: realtimestt - INFO - Initializing audio recording (creating pyAudio input stream, sample rate: 16000 buffer size: 512
2026-04-09 12:36:15.629 - RealTimeSTT: realtimestt - INFO - Initializing WebRTC voice with Sensitivity 3
2026-04-09 12:36:15.629 - RealTimeSTT: realtimestt - DEBUG - WebRTC VAD voice activity detection engine initialized successfully
2026-04-09 12:36:20.948 - RealTimeSTT: realtimestt - DEBUG - Silero VAD voice activity detection engine initialized successfully
2026-04-09 12:36:20.951 - RealTimeSTT: realtimestt - DEBUG - Starting realtime worker
2026-04-09 12:36:20.951 - RealTimeSTT: realtimestt - DEBUG - Waiting for main transcription model to start
2026-04-09 12:50:58.007 - RealTimeSTT: realtimestt - INFO - Starting RealTimeSTT
2026-04-09 12:50:58.052 - RealTimeSTT: realtimestt - INFO - Initializing audio recording (creating pyAudio input stream, sample rate: 16000 buffer size: 512
2026-04-09 12:50:58.087 - RealTimeSTT: realtimestt - INFO - Initializing WebRTC voice with Sensitivity 3
2026-04-09 12:50:58.087 - RealTimeSTT: realtimestt - DEBUG - WebRTC VAD voice activity detection engine initialized successfully
2026-04-09 12:50:58.567 - RealTimeSTT: realtimestt - DEBUG - Silero VAD voice activity detection engine initialized successfully
2026-04-09 12:50:58.570 - RealTimeSTT: realtimestt - DEBUG - Starting realtime worker
2026-04-09 12:50:58.570 - RealTimeSTT: realtimestt - DEBUG - Waiting for main transcription model to start
2026-04-09 12:51:14.332 - RealTimeSTT: realtimestt - DEBUG - Main transcription model ready
2026-04-09 12:51:14.334 - RealTimeSTT: realtimestt - DEBUG - RealtimeSTT initialization completed successfully
2026-04-09 12:51:14.841 - RealTimeSTT: realtimestt - INFO - Setting listen time
2026-04-09 12:51:14.841 - RealTimeSTT: realtimestt - INFO - State changed from 'inactive' to 'listening'
2026-04-09 12:51:14.842 - RealTimeSTT: realtimestt - DEBUG - Waiting for recording start
2026-04-09 12:51:19.958 - RealTimeSTT: realtimestt - INFO - voice activity detected
2026-04-09 12:51:19.958 - RealTimeSTT: realtimestt - INFO - recording started
2026-04-09 12:51:19.958 - RealTimeSTT: realtimestt - INFO - State changed from 'listening' to 'recording'
2026-04-09 12:51:19.959 - RealTimeSTT: realtimestt - DEBUG - Waiting for recording stop
2026-04-09 12:51:19.977 - RealTimeSTT: realtimestt - DEBUG - Current realtime buffer size: 16896
2026-04-09 12:51:20.479 - RealTimeSTT: realtimestt - DEBUG - Receive from realtime worker after transcription request to main model
2026-04-09 12:51:20.481 - RealTimeSTT: realtimestt - DEBUG - Realtime text detected with main model: Abs.
2026-04-09 12:51:20.481 - RealTimeSTT: realtimestt - DEBUG - Current realtime buffer size: 25088
2026-04-09 12:51:20.790 - RealTimeSTT: realtimestt - INFO - recording stopped
2026-04-09 12:51:20.792 - RealTimeSTT: realtimestt - DEBUG - No samples removed, final audio length: 29696
2026-04-09 12:51:20.793 - RealTimeSTT: realtimestt - INFO - State changed from 'recording' to 'inactive'
2026-04-09 12:51:20.793 - RealTimeSTT: realtimestt - INFO - State changed from 'inactive' to 'transcribing'
2026-04-09 12:51:21.024 - RealTimeSTT: realtimestt - DEBUG - Receive from realtime worker after transcription request to main model
2026-04-09 12:51:21.025 - RealTimeSTT: realtimestt - DEBUG - Realtime text detected with main model: At's Fight!
2026-04-09 12:51:21.025 - RealTimeSTT: realtimestt - DEBUG - Adding transcription request, no early transcription started
2026-04-09 12:51:21.026 - RealTimeSTT: realtimestt - DEBUG - Receive from parent_transcription_pipe after sendiung transcription request, transcribe_count: 1
2026-04-09 12:51:21.142 - RealTimeSTT: realtimestt - DEBUG - Receive from parent_transcription_pipe after sendiung transcription request, transcribe_count: 1
2026-04-09 12:51:21.252 - RealTimeSTT: realtimestt - DEBUG - Receive from parent_transcription_pipe after sendiung transcription request, transcribe_count: 1
2026-04-09 12:51:21.358 - RealTimeSTT: realtimestt - DEBUG - Receive from parent_transcription_pipe after sendiung transcription request, transcribe_count: 1
2026-04-09 12:51:21.466 - RealTimeSTT: realtimestt - DEBUG - Receive from parent_transcription_pipe after sendiung transcription request, transcribe_count: 1
2026-04-09 12:51:21.567 - RealTimeSTT: realtimestt - INFO - State changed from 'transcribing' to 'inactive'
2026-04-09 12:51:21.568 - RealTimeSTT: realtimestt - DEBUG - Model tiny completed transcription in 0.54 seconds
2026-04-09 12:51:21.569 - RealTimeSTT: realtimestt - INFO - Setting listen time
2026-04-09 12:51:21.570 - RealTimeSTT: realtimestt - INFO - State changed from 'inactive' to 'listening'
2026-04-09 12:51:21.570 - RealTimeSTT: realtimestt - DEBUG - Waiting for recording start
2026-04-09 12:51:30.588 - RealTimeSTT: realtimestt - INFO - voice activity detected
2026-04-09 12:51:30.588 - RealTimeSTT: realtimestt - INFO - recording started
2026-04-09 12:51:30.588 - RealTimeSTT: realtimestt - INFO - State changed from 'listening' to 'recording'
2026-04-09 12:51:30.588 - RealTimeSTT: realtimestt - DEBUG - Waiting for recording stop
2026-04-09 12:51:30.591 - RealTimeSTT: realtimestt - DEBUG - Current realtime buffer size: 15872
2026-04-09 12:51:31.164 - RealTimeSTT: realtimestt - DEBUG - Receive from realtime worker after transcription request to main model
2026-04-09 12:51:31.166 - RealTimeSTT: realtimestt - DEBUG - Realtime text detected with main model: D.
2026-04-09 12:51:31.166 - RealTimeSTT: realtimestt - DEBUG - Current realtime buffer size: 26112
2026-04-09 12:51:31.673 - RealTimeSTT: realtimestt - DEBUG - Receive from realtime worker after transcription request to main model
2026-04-09 12:51:31.675 - RealTimeSTT: realtimestt - DEBUG - Realtime text detected with main model: Beat!
2026-04-09 12:51:31.800 - RealTimeSTT: realtimestt - INFO - recording stopped
2026-04-09 12:51:31.801 - RealTimeSTT: realtimestt - DEBUG - No samples removed, final audio length: 35840
2026-04-09 12:51:31.801 - RealTimeSTT: realtimestt - INFO - State changed from 'recording' to 'inactive'
2026-04-09 12:51:31.802 - RealTimeSTT: realtimestt - INFO - State changed from 'inactive' to 'transcribing'
2026-04-09 12:51:31.802 - RealTimeSTT: realtimestt - DEBUG - Adding transcription request, no early transcription started
2026-04-09 12:51:31.804 - RealTimeSTT: realtimestt - DEBUG - Receive from parent_transcription_pipe after sendiung transcription request, transcribe_count: 1
2026-04-09 12:51:31.908 - RealTimeSTT: realtimestt - DEBUG - Receive from parent_transcription_pipe after sendiung transcription request, transcribe_count: 1
2026-04-09 12:51:32.013 - RealTimeSTT: realtimestt - DEBUG - Receive from parent_transcription_pipe after sendiung transcription request, transcribe_count: 1
2026-04-09 12:51:32.122 - RealTimeSTT: realtimestt - DEBUG - Receive from parent_transcription_pipe after sendiung transcription request, transcribe_count: 1
2026-04-09 12:51:32.230 - RealTimeSTT: realtimestt - DEBUG - Receive from parent_transcription_pipe after sendiung transcription request, transcribe_count: 1
2026-04-09 12:51:32.338 - RealTimeSTT: realtimestt - DEBUG - Receive from parent_transcription_pipe after sendiung transcription request, transcribe_count: 1
2026-04-09 12:51:32.341 - RealTimeSTT: realtimestt - INFO - State changed from 'transcribing' to 'inactive'
2026-04-09 12:51:32.342 - RealTimeSTT: realtimestt - DEBUG - Model tiny completed transcription in 0.54 seconds
2026-04-09 12:51:32.343 - RealTimeSTT: realtimestt - INFO - Setting listen time
2026-04-09 12:51:32.343 - RealTimeSTT: realtimestt - INFO - State changed from 'inactive' to 'listening'
2026-04-09 12:51:32.344 - RealTimeSTT: realtimestt - DEBUG - Waiting for recording start
2026-04-09 12:51:48.129 - RealTimeSTT: realtimestt - DEBUG - No samples removed, final audio length: 0
2026-04-09 12:51:48.129 - RealTimeSTT: realtimestt - INFO - State changed from 'listening' to 'inactive'
2026-04-09 12:51:48.130 - RealTimeSTT: realtimestt - INFO - Setting listen time
2026-04-09 12:51:48.130 - RealTimeSTT: realtimestt - INFO - State changed from 'inactive' to 'listening'
2026-04-09 12:51:48.130 - RealTimeSTT: realtimestt - DEBUG - Waiting for recording start
2026-04-09 12:55:47.170 - RealTimeSTT: realtimestt - INFO - Starting RealTimeSTT
2026-04-09 12:55:47.215 - RealTimeSTT: realtimestt - INFO - Initializing audio recording (creating pyAudio input stream, sample rate: 16000 buffer size: 512
2026-04-09 12:55:47.249 - RealTimeSTT: realtimestt - INFO - Initializing WebRTC voice with Sensitivity 3
2026-04-09 12:55:47.249 - RealTimeSTT: realtimestt - DEBUG - WebRTC VAD voice activity detection engine initialized successfully
2026-04-09 12:55:47.730 - RealTimeSTT: realtimestt - DEBUG - Silero VAD voice activity detection engine initialized successfully
2026-04-09 12:55:47.733 - RealTimeSTT: realtimestt - DEBUG - Starting realtime worker
2026-04-09 12:55:47.733 - RealTimeSTT: realtimestt - DEBUG - Waiting for main transcription model to start
2026-04-09 12:55:56.316 - RealTimeSTT: realtimestt - DEBUG - Main transcription model ready
2026-04-09 12:55:56.318 - RealTimeSTT: realtimestt - DEBUG - RealtimeSTT initialization completed successfully
2026-04-09 12:55:56.556 - RealTimeSTT: realtimestt - INFO - Setting listen time
2026-04-09 12:55:56.556 - RealTimeSTT: realtimestt - INFO - State changed from 'inactive' to 'listening'
2026-04-09 12:55:56.556 - RealTimeSTT: realtimestt - DEBUG - Waiting for recording start
2026-04-09 12:55:59.210 - RealTimeSTT: realtimestt - INFO - voice activity detected
2026-04-09 12:55:59.211 - RealTimeSTT: realtimestt - INFO - recording started
2026-04-09 12:55:59.211 - RealTimeSTT: realtimestt - INFO - State changed from 'listening' to 'recording'
2026-04-09 12:55:59.211 - RealTimeSTT: realtimestt - DEBUG - Waiting for recording stop
2026-04-09 12:55:59.225 - RealTimeSTT: realtimestt - DEBUG - Current realtime buffer size: 16896
2026-04-09 12:55:59.714 - RealTimeSTT: realtimestt - DEBUG - Receive from realtime worker after transcription request to main model
2026-04-09 12:55:59.715 - RealTimeSTT: realtimestt - DEBUG - Realtime text detected with main model: Hallo.
2026-04-09 12:55:59.715 - RealTimeSTT: realtimestt - DEBUG - Current realtime buffer size: 24064
2026-04-09 12:55:59.992 - RealTimeSTT: realtimestt - INFO - recording stopped
2026-04-09 12:55:59.993 - RealTimeSTT: realtimestt - DEBUG - No samples removed, final audio length: 28672
2026-04-09 12:55:59.994 - RealTimeSTT: realtimestt - INFO - State changed from 'recording' to 'inactive'
2026-04-09 12:55:59.994 - RealTimeSTT: realtimestt - INFO - State changed from 'inactive' to 'transcribing'
2026-04-09 12:56:00.176 - RealTimeSTT: realtimestt - DEBUG - Receive from realtime worker after transcription request to main model
2026-04-09 12:56:00.177 - RealTimeSTT: realtimestt - DEBUG - Realtime text detected with main model: Hallo!
2026-04-09 12:56:00.177 - RealTimeSTT: realtimestt - DEBUG - Adding transcription request, no early transcription started
2026-04-09 12:56:00.190 - RealTimeSTT: realtimestt - DEBUG - Receive from parent_transcription_pipe after sendiung transcription request, transcribe_count: 1
2026-04-09 12:56:00.295 - RealTimeSTT: realtimestt - DEBUG - Receive from parent_transcription_pipe after sendiung transcription request, transcribe_count: 1
2026-04-09 12:56:00.402 - RealTimeSTT: realtimestt - DEBUG - Receive from parent_transcription_pipe after sendiung transcription request, transcribe_count: 1
2026-04-09 12:56:00.512 - RealTimeSTT: realtimestt - DEBUG - Receive from parent_transcription_pipe after sendiung transcription request, transcribe_count: 1
2026-04-09 12:56:00.610 - RealTimeSTT: realtimestt - INFO - State changed from 'transcribing' to 'inactive'
2026-04-09 12:56:00.611 - RealTimeSTT: realtimestt - DEBUG - Model tiny completed transcription in 0.43 seconds
2026-04-09 12:56:00.612 - RealTimeSTT: realtimestt - INFO - Setting listen time
2026-04-09 12:56:00.612 - RealTimeSTT: realtimestt - INFO - State changed from 'inactive' to 'listening'
2026-04-09 12:56:00.612 - RealTimeSTT: realtimestt - DEBUG - Waiting for recording start
2026-04-09 12:56:02.931 - RealTimeSTT: realtimestt - INFO - voice activity detected
2026-04-09 12:56:02.931 - RealTimeSTT: realtimestt - INFO - recording started
2026-04-09 12:56:02.931 - RealTimeSTT: realtimestt - INFO - State changed from 'listening' to 'recording'
2026-04-09 12:56:02.931 - RealTimeSTT: realtimestt - DEBUG - Waiting for recording stop
2026-04-09 12:56:02.951 - RealTimeSTT: realtimestt - DEBUG - Current realtime buffer size: 16896
2026-04-09 12:56:03.371 - RealTimeSTT: realtimestt - DEBUG - Receive from realtime worker after transcription request to main model
2026-04-09 12:56:03.371 - RealTimeSTT: realtimestt - DEBUG - Realtime text detected with main model: Ah!
2026-04-09 12:56:03.371 - RealTimeSTT: realtimestt - DEBUG - Current realtime buffer size: 23040
2026-04-09 12:56:03.863 - RealTimeSTT: realtimestt - DEBUG - Receive from realtime worker after transcription request to main model
2026-04-09 12:56:03.863 - RealTimeSTT: realtimestt - DEBUG - Realtime text detected with main model: Adler.
2026-04-09 12:56:03.952 - RealTimeSTT: realtimestt - INFO - recording stopped
2026-04-09 12:56:03.953 - RealTimeSTT: realtimestt - DEBUG - No samples removed, final audio length: 32768
2026-04-09 12:56:03.953 - RealTimeSTT: realtimestt - INFO - State changed from 'recording' to 'inactive'
2026-04-09 12:56:03.953 - RealTimeSTT: realtimestt - INFO - State changed from 'inactive' to 'transcribing'
2026-04-09 12:56:03.954 - RealTimeSTT: realtimestt - DEBUG - Adding transcription request, no early transcription started
2026-04-09 12:56:03.954 - RealTimeSTT: realtimestt - DEBUG - Receive from parent_transcription_pipe after sendiung transcription request, transcribe_count: 1
2026-04-09 12:56:04.069 - RealTimeSTT: realtimestt - DEBUG - Receive from parent_transcription_pipe after sendiung transcription request, transcribe_count: 1
2026-04-09 12:56:04.177 - RealTimeSTT: realtimestt - DEBUG - Receive from parent_transcription_pipe after sendiung transcription request, transcribe_count: 1
2026-04-09 12:56:04.288 - RealTimeSTT: realtimestt - DEBUG - Receive from parent_transcription_pipe after sendiung transcription request, transcribe_count: 1
2026-04-09 12:56:04.394 - RealTimeSTT: realtimestt - DEBUG - Receive from parent_transcription_pipe after sendiung transcription request, transcribe_count: 1
2026-04-09 12:56:04.398 - RealTimeSTT: realtimestt - INFO - State changed from 'transcribing' to 'inactive'
2026-04-09 12:56:04.399 - RealTimeSTT: realtimestt - DEBUG - Model tiny completed transcription in 0.45 seconds
2026-04-09 12:56:04.400 - RealTimeSTT: realtimestt - INFO - Setting listen time
2026-04-09 12:56:04.400 - RealTimeSTT: realtimestt - INFO - State changed from 'inactive' to 'listening'
2026-04-09 12:56:04.400 - RealTimeSTT: realtimestt - DEBUG - Waiting for recording start
2026-04-09 12:56:06.510 - RealTimeSTT: realtimestt - INFO - voice activity detected
2026-04-09 12:56:06.511 - RealTimeSTT: realtimestt - INFO - recording started
2026-04-09 12:56:06.511 - RealTimeSTT: realtimestt - INFO - State changed from 'listening' to 'recording'
2026-04-09 12:56:06.511 - RealTimeSTT: realtimestt - DEBUG - Waiting for recording stop
2026-04-09 12:56:06.517 - RealTimeSTT: realtimestt - DEBUG - Current realtime buffer size: 16896
2026-04-09 12:56:06.980 - RealTimeSTT: realtimestt - DEBUG - Receive from realtime worker after transcription request to main model
2026-04-09 12:56:06.981 - RealTimeSTT: realtimestt - DEBUG - Realtime text detected with main model: D.
2026-04-09 12:56:06.981 - RealTimeSTT: realtimestt - DEBUG - Current realtime buffer size: 24064
2026-04-09 12:56:07.448 - RealTimeSTT: realtimestt - DEBUG - Receive from realtime worker after transcription request to main model
2026-04-09 12:56:07.448 - RealTimeSTT: realtimestt - DEBUG - Realtime text detected with main model: Bits what?
2026-04-09 12:56:07.542 - RealTimeSTT: realtimestt - INFO - recording stopped
2026-04-09 12:56:07.543 - RealTimeSTT: realtimestt - DEBUG - No samples removed, final audio length: 32768
2026-04-09 12:56:07.543 - RealTimeSTT: realtimestt - INFO - State changed from 'recording' to 'inactive'
2026-04-09 12:56:07.543 - RealTimeSTT: realtimestt - INFO - State changed from 'inactive' to 'transcribing'
2026-04-09 12:56:07.543 - RealTimeSTT: realtimestt - DEBUG - Adding transcription request, no early transcription started
2026-04-09 12:56:07.544 - RealTimeSTT: realtimestt - DEBUG - Receive from parent_transcription_pipe after sendiung transcription request, transcribe_count: 1
2026-04-09 12:56:07.649 - RealTimeSTT: realtimestt - DEBUG - Receive from parent_transcription_pipe after sendiung transcription request, transcribe_count: 1
2026-04-09 12:56:07.758 - RealTimeSTT: realtimestt - DEBUG - Receive from parent_transcription_pipe after sendiung transcription request, transcribe_count: 1
2026-04-09 12:56:07.867 - RealTimeSTT: realtimestt - DEBUG - Receive from parent_transcription_pipe after sendiung transcription request, transcribe_count: 1
2026-04-09 12:56:07.976 - RealTimeSTT: realtimestt - DEBUG - Receive from parent_transcription_pipe after sendiung transcription request, transcribe_count: 1
2026-04-09 12:56:07.978 - RealTimeSTT: realtimestt - INFO - State changed from 'transcribing' to 'inactive'
2026-04-09 12:56:07.978 - RealTimeSTT: realtimestt - DEBUG - Model tiny completed transcription in 0.43 seconds
2026-04-09 12:56:07.979 - RealTimeSTT: realtimestt - INFO - Setting listen time
2026-04-09 12:56:07.979 - RealTimeSTT: realtimestt - INFO - State changed from 'inactive' to 'listening'
2026-04-09 12:56:07.980 - RealTimeSTT: realtimestt - DEBUG - Waiting for recording start
2026-04-09 12:56:09.781 - RealTimeSTT: realtimestt - INFO - voice activity detected
2026-04-09 12:56:09.781 - RealTimeSTT: realtimestt - INFO - recording started
2026-04-09 12:56:09.781 - RealTimeSTT: realtimestt - INFO - State changed from 'listening' to 'recording'
2026-04-09 12:56:09.782 - RealTimeSTT: realtimestt - DEBUG - Waiting for recording stop
2026-04-09 12:56:09.800 - RealTimeSTT: realtimestt - DEBUG - Current realtime buffer size: 16896
2026-04-09 12:56:10.304 - RealTimeSTT: realtimestt - DEBUG - Receive from realtime worker after transcription request to main model
2026-04-09 12:56:10.304 - RealTimeSTT: realtimestt - DEBUG - Realtime text detected with main model: ... ... ... ...
2026-04-09 12:56:10.305 - RealTimeSTT: realtimestt - DEBUG - Current realtime buffer size: 25088
2026-04-09 12:56:10.798 - RealTimeSTT: realtimestt - DEBUG - Receive from realtime worker after transcription request to main model
2026-04-09 12:56:10.799 - RealTimeSTT: realtimestt - DEBUG - Realtime text detected with main model: Bits!
2026-04-09 12:56:10.799 - RealTimeSTT: realtimestt - DEBUG - Current realtime buffer size: 32256
2026-04-09 12:56:11.124 - RealTimeSTT: realtimestt - INFO - recording stopped
2026-04-09 12:56:11.126 - RealTimeSTT: realtimestt - DEBUG - No samples removed, final audio length: 37888
2026-04-09 12:56:11.127 - RealTimeSTT: realtimestt - INFO - State changed from 'recording' to 'inactive'
2026-04-09 12:56:11.127 - RealTimeSTT: realtimestt - INFO - State changed from 'inactive' to 'transcribing'
2026-04-09 12:56:11.256 - RealTimeSTT: realtimestt - DEBUG - Receive from realtime worker after transcription request to main model
2026-04-09 12:56:11.256 - RealTimeSTT: realtimestt - DEBUG - Realtime text detected with main model: Bitsweil!
2026-04-09 12:56:11.256 - RealTimeSTT: realtimestt - DEBUG - Adding transcription request, no early transcription started
2026-04-09 12:56:11.257 - RealTimeSTT: realtimestt - DEBUG - Receive from parent_transcription_pipe after sendiung transcription request, transcribe_count: 1
2026-04-09 12:56:11.359 - RealTimeSTT: realtimestt - DEBUG - Receive from parent_transcription_pipe after sendiung transcription request, transcribe_count: 1
2026-04-09 12:56:11.468 - RealTimeSTT: realtimestt - DEBUG - Receive from parent_transcription_pipe after sendiung transcription request, transcribe_count: 1
2026-04-09 12:56:11.578 - RealTimeSTT: realtimestt - DEBUG - Receive from parent_transcription_pipe after sendiung transcription request, transcribe_count: 1
2026-04-09 12:56:11.685 - RealTimeSTT: realtimestt - INFO - State changed from 'transcribing' to 'inactive'
2026-04-09 12:56:11.687 - RealTimeSTT: realtimestt - DEBUG - Model tiny completed transcription in 0.43 seconds
2026-04-09 12:56:11.688 - RealTimeSTT: realtimestt - INFO - Setting listen time
2026-04-09 12:56:11.688 - RealTimeSTT: realtimestt - INFO - State changed from 'inactive' to 'listening'
2026-04-09 12:56:11.688 - RealTimeSTT: realtimestt - DEBUG - Waiting for recording start
2026-04-09 12:56:15.471 - RealTimeSTT: realtimestt - INFO - voice activity detected
2026-04-09 12:56:15.471 - RealTimeSTT: realtimestt - INFO - recording started
2026-04-09 12:56:15.471 - RealTimeSTT: realtimestt - INFO - State changed from 'listening' to 'recording'
2026-04-09 12:56:15.471 - RealTimeSTT: realtimestt - DEBUG - Waiting for recording stop
2026-04-09 12:56:15.490 - RealTimeSTT: realtimestt - DEBUG - Current realtime buffer size: 16896
2026-04-09 12:56:15.980 - RealTimeSTT: realtimestt - DEBUG - Receive from realtime worker after transcription request to main model
2026-04-09 12:56:15.981 - RealTimeSTT: realtimestt - DEBUG - Realtime text detected with main model: S.
2026-04-09 12:56:15.981 - RealTimeSTT: realtimestt - DEBUG - Current realtime buffer size: 24064
2026-04-09 12:56:16.475 - RealTimeSTT: realtimestt - DEBUG - Receive from realtime worker after transcription request to main model
2026-04-09 12:56:16.475 - RealTimeSTT: realtimestt - DEBUG - Realtime text detected with main model: See you!
2026-04-09 12:56:16.563 - RealTimeSTT: realtimestt - INFO - recording stopped
2026-04-09 12:56:16.564 - RealTimeSTT: realtimestt - DEBUG - No samples removed, final audio length: 33792
2026-04-09 12:56:16.564 - RealTimeSTT: realtimestt - INFO - State changed from 'recording' to 'inactive'
2026-04-09 12:56:16.564 - RealTimeSTT: realtimestt - INFO - State changed from 'inactive' to 'transcribing'
2026-04-09 12:56:16.564 - RealTimeSTT: realtimestt - DEBUG - Adding transcription request, no early transcription started
2026-04-09 12:56:16.575 - RealTimeSTT: realtimestt - DEBUG - Receive from parent_transcription_pipe after sendiung transcription request, transcribe_count: 1
2026-04-09 12:56:16.679 - RealTimeSTT: realtimestt - DEBUG - Receive from parent_transcription_pipe after sendiung transcription request, transcribe_count: 1
2026-04-09 12:56:16.787 - RealTimeSTT: realtimestt - DEBUG - Receive from parent_transcription_pipe after sendiung transcription request, transcribe_count: 1
2026-04-09 12:56:16.897 - RealTimeSTT: realtimestt - DEBUG - Receive from parent_transcription_pipe after sendiung transcription request, transcribe_count: 1
2026-04-09 12:56:17.005 - RealTimeSTT: realtimestt - DEBUG - Receive from parent_transcription_pipe after sendiung transcription request, transcribe_count: 1
2026-04-09 12:56:17.020 - RealTimeSTT: realtimestt - INFO - State changed from 'transcribing' to 'inactive'
2026-04-09 12:56:17.021 - RealTimeSTT: realtimestt - DEBUG - Model tiny completed transcription in 0.46 seconds
2026-04-09 12:56:17.024 - RealTimeSTT: realtimestt - INFO - Setting listen time
2026-04-09 12:56:17.024 - RealTimeSTT: realtimestt - INFO - State changed from 'inactive' to 'listening'
2026-04-09 12:56:17.024 - RealTimeSTT: realtimestt - DEBUG - Waiting for recording start
2026-04-09 12:56:20.660 - RealTimeSTT: realtimestt - INFO - voice activity detected
2026-04-09 12:56:20.661 - RealTimeSTT: realtimestt - INFO - recording started
2026-04-09 12:56:20.661 - RealTimeSTT: realtimestt - INFO - State changed from 'listening' to 'recording'
2026-04-09 12:56:20.661 - RealTimeSTT: realtimestt - DEBUG - Waiting for recording stop
2026-04-09 12:56:20.672 - RealTimeSTT: realtimestt - DEBUG - Current realtime buffer size: 16896
2026-04-09 12:56:21.231 - RealTimeSTT: realtimestt - DEBUG - Receive from realtime worker after transcription request to main model
2026-04-09 12:56:21.232 - RealTimeSTT: realtimestt - DEBUG - Realtime text detected with main model: Schnell.
2026-04-09 12:56:21.232 - RealTimeSTT: realtimestt - DEBUG - Current realtime buffer size: 25088
2026-04-09 12:56:21.784 - RealTimeSTT: realtimestt - DEBUG - Receive from realtime worker after transcription request to main model
2026-04-09 12:56:21.784 - RealTimeSTT: realtimestt - DEBUG - Realtime text detected with main model: See!
2026-04-09 12:56:21.785 - RealTimeSTT: realtimestt - DEBUG - Current realtime buffer size: 34304
2026-04-09 12:56:22.263 - RealTimeSTT: realtimestt - INFO - recording stopped
2026-04-09 12:56:22.264 - RealTimeSTT: realtimestt - DEBUG - No samples removed, final audio length: 41984
2026-04-09 12:56:22.265 - RealTimeSTT: realtimestt - INFO - State changed from 'recording' to 'inactive'
2026-04-09 12:56:22.265 - RealTimeSTT: realtimestt - INFO - State changed from 'inactive' to 'transcribing'
2026-04-09 12:56:22.295 - RealTimeSTT: realtimestt - DEBUG - Receive from realtime worker after transcription request to main model
2026-04-09 12:56:22.295 - RealTimeSTT: realtimestt - DEBUG - Realtime text detected with main model: See you soon!
2026-04-09 12:56:22.295 - RealTimeSTT: realtimestt - DEBUG - Adding transcription request, no early transcription started
2026-04-09 12:56:22.312 - RealTimeSTT: realtimestt - DEBUG - Receive from parent_transcription_pipe after sendiung transcription request, transcribe_count: 1
2026-04-09 12:56:22.417 - RealTimeSTT: realtimestt - DEBUG - Receive from parent_transcription_pipe after sendiung transcription request, transcribe_count: 1
2026-04-09 12:56:22.524 - RealTimeSTT: realtimestt - DEBUG - Receive from parent_transcription_pipe after sendiung transcription request, transcribe_count: 1
2026-04-09 12:56:22.632 - RealTimeSTT: realtimestt - DEBUG - Receive from parent_transcription_pipe after sendiung transcription request, transcribe_count: 1
2026-04-09 12:56:22.739 - RealTimeSTT: realtimestt - DEBUG - Receive from parent_transcription_pipe after sendiung transcription request, transcribe_count: 1
2026-04-09 12:56:22.747 - RealTimeSTT: realtimestt - INFO - State changed from 'transcribing' to 'inactive'
2026-04-09 12:56:22.748 - RealTimeSTT: realtimestt - DEBUG - Model tiny completed transcription in 0.45 seconds
2026-04-09 12:56:22.749 - RealTimeSTT: realtimestt - INFO - Setting listen time
2026-04-09 12:56:22.749 - RealTimeSTT: realtimestt - INFO - State changed from 'inactive' to 'listening'
2026-04-09 12:56:22.750 - RealTimeSTT: realtimestt - DEBUG - Waiting for recording start
2026-04-09 12:56:25.650 - RealTimeSTT: realtimestt - INFO - voice activity detected
2026-04-09 12:56:25.651 - RealTimeSTT: realtimestt - INFO - recording started
2026-04-09 12:56:25.651 - RealTimeSTT: realtimestt - INFO - State changed from 'listening' to 'recording'
2026-04-09 12:56:25.651 - RealTimeSTT: realtimestt - DEBUG - Waiting for recording stop
2026-04-09 12:56:25.660 - RealTimeSTT: realtimestt - DEBUG - Current realtime buffer size: 16896
2026-04-09 12:56:26.078 - RealTimeSTT: realtimestt - DEBUG - Receive from realtime worker after transcription request to main model
2026-04-09 12:56:26.079 - RealTimeSTT: realtimestt - DEBUG - Realtime text detected with main model: Ah!
2026-04-09 12:56:26.079 - RealTimeSTT: realtimestt - DEBUG - Current realtime buffer size: 23040
2026-04-09 12:56:26.546 - RealTimeSTT: realtimestt - DEBUG - Receive from realtime worker after transcription request to main model
2026-04-09 12:56:26.547 - RealTimeSTT: realtimestt - DEBUG - Realtime text detected with main model: Ah, Bye.
2026-04-09 12:56:26.742 - RealTimeSTT: realtimestt - INFO - recording stopped
2026-04-09 12:56:26.743 - RealTimeSTT: realtimestt - DEBUG - No samples removed, final audio length: 33792
2026-04-09 12:56:26.743 - RealTimeSTT: realtimestt - INFO - State changed from 'recording' to 'inactive'
2026-04-09 12:56:26.743 - RealTimeSTT: realtimestt - INFO - State changed from 'inactive' to 'transcribing'
2026-04-09 12:56:26.744 - RealTimeSTT: realtimestt - DEBUG - Adding transcription request, no early transcription started
2026-04-09 12:56:26.747 - RealTimeSTT: realtimestt - DEBUG - Receive from parent_transcription_pipe after sendiung transcription request, transcribe_count: 1
2026-04-09 12:56:26.850 - RealTimeSTT: realtimestt - DEBUG - Receive from parent_transcription_pipe after sendiung transcription request, transcribe_count: 1
2026-04-09 12:56:26.959 - RealTimeSTT: realtimestt - DEBUG - Receive from parent_transcription_pipe after sendiung transcription request, transcribe_count: 1
2026-04-09 12:56:27.068 - RealTimeSTT: realtimestt - DEBUG - Receive from parent_transcription_pipe after sendiung transcription request, transcribe_count: 1
2026-04-09 12:56:27.177 - RealTimeSTT: realtimestt - DEBUG - Receive from parent_transcription_pipe after sendiung transcription request, transcribe_count: 1
2026-04-09 12:56:27.178 - RealTimeSTT: realtimestt - INFO - State changed from 'transcribing' to 'inactive'
2026-04-09 12:56:27.179 - RealTimeSTT: realtimestt - DEBUG - Model tiny completed transcription in 0.44 seconds
2026-04-09 12:56:27.180 - RealTimeSTT: realtimestt - INFO - Setting listen time
2026-04-09 12:56:27.181 - RealTimeSTT: realtimestt - INFO - State changed from 'inactive' to 'listening'
2026-04-09 12:56:27.181 - RealTimeSTT: realtimestt - DEBUG - Waiting for recording start
2026-04-09 12:56:28.850 - RealTimeSTT: realtimestt - INFO - voice activity detected
2026-04-09 12:56:28.851 - RealTimeSTT: realtimestt - INFO - recording started
2026-04-09 12:56:28.851 - RealTimeSTT: realtimestt - INFO - State changed from 'listening' to 'recording'
2026-04-09 12:56:28.851 - RealTimeSTT: realtimestt - DEBUG - Waiting for recording stop
2026-04-09 12:56:28.862 - RealTimeSTT: realtimestt - DEBUG - Current realtime buffer size: 16896
2026-04-09 12:56:28.889 - RealTimeSTT: realtimestt - DEBUG - Receive from realtime worker after transcription request to main model
2026-04-09 12:56:28.889 - RealTimeSTT: realtimestt - DEBUG - Realtime text detected with main model: 
2026-04-09 12:56:29.063 - RealTimeSTT: realtimestt - DEBUG - Current realtime buffer size: 19968
2026-04-09 12:56:29.480 - RealTimeSTT: realtimestt - DEBUG - Receive from realtime worker after transcription request to main model
2026-04-09 12:56:29.481 - RealTimeSTT: realtimestt - DEBUG - Realtime text detected with main model: Ach!
2026-04-09 12:56:29.481 - RealTimeSTT: realtimestt - DEBUG - Current realtime buffer size: 26112
2026-04-09 12:56:29.953 - RealTimeSTT: realtimestt - DEBUG - Receive from realtime worker after transcription request to main model
2026-04-09 12:56:29.953 - RealTimeSTT: realtimestt - DEBUG - Realtime text detected with main model: Ah, das war.
2026-04-09 12:56:30.003 - RealTimeSTT: realtimestt - INFO - recording stopped
2026-04-09 12:56:30.003 - RealTimeSTT: realtimestt - DEBUG - No samples removed, final audio length: 34816
2026-04-09 12:56:30.003 - RealTimeSTT: realtimestt - INFO - State changed from 'recording' to 'inactive'
2026-04-09 12:56:30.004 - RealTimeSTT: realtimestt - INFO - State changed from 'inactive' to 'transcribing'
2026-04-09 12:56:30.004 - RealTimeSTT: realtimestt - DEBUG - Adding transcription request, no early transcription started
2026-04-09 12:56:30.004 - RealTimeSTT: realtimestt - DEBUG - Receive from parent_transcription_pipe after sendiung transcription request, transcribe_count: 1
2026-04-09 12:56:30.106 - RealTimeSTT: realtimestt - DEBUG - Receive from parent_transcription_pipe after sendiung transcription request, transcribe_count: 1
2026-04-09 12:56:30.215 - RealTimeSTT: realtimestt - DEBUG - Receive from parent_transcription_pipe after sendiung transcription request, transcribe_count: 1
2026-04-09 12:56:30.326 - RealTimeSTT: realtimestt - DEBUG - Receive from parent_transcription_pipe after sendiung transcription request, transcribe_count: 1
2026-04-09 12:56:30.433 - RealTimeSTT: realtimestt - DEBUG - Receive from parent_transcription_pipe after sendiung transcription request, transcribe_count: 1
2026-04-09 12:56:30.446 - RealTimeSTT: realtimestt - INFO - State changed from 'transcribing' to 'inactive'
2026-04-09 12:56:30.446 - RealTimeSTT: realtimestt - DEBUG - Model tiny completed transcription in 0.44 seconds
2026-04-09 12:56:30.447 - RealTimeSTT: realtimestt - INFO - Setting listen time
2026-04-09 12:56:30.447 - RealTimeSTT: realtimestt - INFO - State changed from 'inactive' to 'listening'
2026-04-09 12:56:30.448 - RealTimeSTT: realtimestt - DEBUG - Waiting for recording start
2026-04-09 12:56:32.630 - RealTimeSTT: realtimestt - INFO - voice activity detected
2026-04-09 12:56:32.631 - RealTimeSTT: realtimestt - INFO - recording started
2026-04-09 12:56:32.631 - RealTimeSTT: realtimestt - INFO - State changed from 'listening' to 'recording'
2026-04-09 12:56:32.631 - RealTimeSTT: realtimestt - DEBUG - Waiting for recording stop
2026-04-09 12:56:32.647 - RealTimeSTT: realtimestt - DEBUG - Current realtime buffer size: 16896
2026-04-09 12:56:32.655 - RealTimeSTT: realtimestt - DEBUG - Receive from realtime worker after transcription request to main model
2026-04-09 12:56:32.656 - RealTimeSTT: realtimestt - DEBUG - Realtime text detected with main model: 
2026-04-09 12:56:32.847 - RealTimeSTT: realtimestt - DEBUG - Current realtime buffer size: 19968
2026-04-09 12:56:32.868 - RealTimeSTT: realtimestt - DEBUG - Receive from realtime worker after transcription request to main model
2026-04-09 12:56:32.869 - RealTimeSTT: realtimestt - DEBUG - Realtime text detected with main model: 
2026-04-09 12:56:33.048 - RealTimeSTT: realtimestt - DEBUG - Current realtime buffer size: 23040
2026-04-09 12:56:33.057 - RealTimeSTT: realtimestt - DEBUG - Receive from realtime worker after transcription request to main model
2026-04-09 12:56:33.057 - RealTimeSTT: realtimestt - DEBUG - Realtime text detected with main model: 
2026-04-09 12:56:33.249 - RealTimeSTT: realtimestt - DEBUG - Current realtime buffer size: 26112
2026-04-09 12:56:33.733 - RealTimeSTT: realtimestt - DEBUG - Receive from realtime worker after transcription request to main model
2026-04-09 12:56:33.733 - RealTimeSTT: realtimestt - DEBUG - Realtime text detected with main model: Ciao!
2026-04-09 12:56:33.911 - RealTimeSTT: realtimestt - INFO - recording stopped
2026-04-09 12:56:33.912 - RealTimeSTT: realtimestt - DEBUG - No samples removed, final audio length: 36864
2026-04-09 12:56:33.912 - RealTimeSTT: realtimestt - INFO - State changed from 'recording' to 'inactive'
2026-04-09 12:56:33.913 - RealTimeSTT: realtimestt - INFO - State changed from 'inactive' to 'transcribing'
2026-04-09 12:56:33.913 - RealTimeSTT: realtimestt - DEBUG - Adding transcription request, no early transcription started
2026-04-09 12:56:33.913 - RealTimeSTT: realtimestt - DEBUG - Receive from parent_transcription_pipe after sendiung transcription request, transcribe_count: 1
2026-04-09 12:56:34.016 - RealTimeSTT: realtimestt - DEBUG - Receive from parent_transcription_pipe after sendiung transcription request, transcribe_count: 1
2026-04-09 12:56:34.125 - RealTimeSTT: realtimestt - DEBUG - Receive from parent_transcription_pipe after sendiung transcription request, transcribe_count: 1
2026-04-09 12:56:34.233 - RealTimeSTT: realtimestt - DEBUG - Receive from parent_transcription_pipe after sendiung transcription request, transcribe_count: 1
2026-04-09 12:56:34.341 - RealTimeSTT: realtimestt - DEBUG - Receive from parent_transcription_pipe after sendiung transcription request, transcribe_count: 1
2026-04-09 12:56:34.367 - RealTimeSTT: realtimestt - INFO - State changed from 'transcribing' to 'inactive'
2026-04-09 12:56:34.368 - RealTimeSTT: realtimestt - DEBUG - Model tiny completed transcription in 0.46 seconds
2026-04-09 12:56:34.369 - RealTimeSTT: realtimestt - INFO - Setting listen time
2026-04-09 12:56:34.369 - RealTimeSTT: realtimestt - INFO - State changed from 'inactive' to 'listening'
2026-04-09 12:56:34.369 - RealTimeSTT: realtimestt - DEBUG - Waiting for recording start
2026-04-09 12:56:37.417 - RealTimeSTT: realtimestt - DEBUG - No samples removed, final audio length: 0
2026-04-09 12:56:37.418 - RealTimeSTT: realtimestt - DEBUG - Receive from stdout pipe
2026-04-09 12:56:37.418 - RealTimeSTT: realtimestt - INFO - State changed from 'listening' to 'inactive'
2026-04-09 12:56:37.419 - RealTimeSTT: realtimestt - INFO - Setting listen time
2026-04-09 12:56:37.419 - RealTimeSTT: realtimestt - INFO - None
2026-04-09 12:56:37.419 - RealTimeSTT: realtimestt - INFO - State changed from 'inactive' to 'listening'
2026-04-09 12:56:37.419 - RealTimeSTT: realtimestt - DEBUG - Waiting for recording start
2026-04-09 12:56:37.449 - RealTimeSTT: realtimestt - DEBUG - No samples removed, final audio length: 0
2026-04-09 12:56:37.450 - RealTimeSTT: realtimestt - INFO - State changed from 'listening' to 'inactive'
2026-04-09 12:56:37.450 - RealTimeSTT: realtimestt - INFO - Setting listen time
2026-04-09 12:56:37.450 - RealTimeSTT: realtimestt - INFO - State changed from 'inactive' to 'listening'
2026-04-09 12:56:37.450 - RealTimeSTT: realtimestt - DEBUG - Waiting for recording start
2026-04-15 14:37:07.609 - RealTimeSTT: realtimestt - INFO - Starting RealTimeSTT
2026-04-15 14:37:07.662 - RealTimeSTT: realtimestt - INFO - Initializing audio recording (creating pyAudio input stream, sample rate: 16000 buffer size: 512
2026-04-15 14:37:07.699 - RealTimeSTT: realtimestt - INFO - Initializing WebRTC voice with Sensitivity 3
2026-04-15 14:37:07.700 - RealTimeSTT: realtimestt - DEBUG - WebRTC VAD voice activity detection engine initialized successfully
2026-04-15 14:37:08.406 - RealTimeSTT: realtimestt - DEBUG - Silero VAD voice activity detection engine initialized successfully
2026-04-15 14:37:08.409 - RealTimeSTT: realtimestt - DEBUG - Starting realtime worker
2026-04-15 14:37:08.409 - RealTimeSTT: realtimestt - DEBUG - Waiting for main transcription model to start
2026-04-15 14:39:08.138 - RealTimeSTT: realtimestt - INFO - Starting RealTimeSTT
2026-04-15 14:39:08.196 - RealTimeSTT: realtimestt - INFO - Initializing audio recording (creating pyAudio input stream, sample rate: 16000 buffer size: 512
2026-04-15 14:39:08.235 - RealTimeSTT: realtimestt - INFO - Initializing WebRTC voice with Sensitivity 3
2026-04-15 14:39:08.235 - RealTimeSTT: realtimestt - DEBUG - WebRTC VAD voice activity detection engine initialized successfully
2026-04-15 14:39:08.694 - RealTimeSTT: realtimestt - DEBUG - Silero VAD voice activity detection engine initialized successfully
2026-04-15 14:39:08.697 - RealTimeSTT: realtimestt - DEBUG - Starting realtime worker
2026-04-15 14:39:08.697 - RealTimeSTT: realtimestt - DEBUG - Waiting for main transcription model to start
2026-04-15 14:39:16.210 - RealTimeSTT: realtimestt - DEBUG - Main transcription model ready
2026-04-15 14:39:16.211 - RealTimeSTT: realtimestt - DEBUG - RealtimeSTT initialization completed successfully
2026-04-15 14:39:16.408 - RealTimeSTT: realtimestt - INFO - Setting listen time
2026-04-15 14:39:16.408 - RealTimeSTT: realtimestt - INFO - State changed from 'inactive' to 'listening'
2026-04-15 14:39:16.408 - RealTimeSTT: realtimestt - DEBUG - Waiting for recording start
2026-04-15 14:39:23.705 - RealTimeSTT: realtimestt - INFO - voice activity detected
2026-04-15 14:39:23.705 - RealTimeSTT: realtimestt - INFO - recording started
2026-04-15 14:39:23.705 - RealTimeSTT: realtimestt - INFO - State changed from 'listening' to 'recording'
2026-04-15 14:39:23.706 - RealTimeSTT: realtimestt - DEBUG - Waiting for recording stop
2026-04-15 14:39:23.725 - RealTimeSTT: realtimestt - DEBUG - Current realtime buffer size: 16896
2026-04-15 14:39:24.228 - RealTimeSTT: realtimestt - DEBUG - Receive from realtime worker after transcription request to main model
2026-04-15 14:39:24.229 - RealTimeSTT: realtimestt - DEBUG - Realtime text detected with main model: Test.
2026-04-15 14:39:24.477 - RealTimeSTT: realtimestt - INFO - recording stopped
2026-04-15 14:39:24.478 - RealTimeSTT: realtimestt - DEBUG - No samples removed, final audio length: 28672
2026-04-15 14:39:24.478 - RealTimeSTT: realtimestt - INFO - State changed from 'recording' to 'inactive'
2026-04-15 14:39:24.478 - RealTimeSTT: realtimestt - INFO - State changed from 'inactive' to 'transcribing'
2026-04-15 14:39:24.478 - RealTimeSTT: realtimestt - DEBUG - Adding transcription request, no early transcription started
2026-04-15 14:39:24.479 - RealTimeSTT: realtimestt - DEBUG - Receive from parent_transcription_pipe after sendiung transcription request, transcribe_count: 1
2026-04-15 14:39:24.593 - RealTimeSTT: realtimestt - DEBUG - Receive from parent_transcription_pipe after sendiung transcription request, transcribe_count: 1
2026-04-15 14:39:24.702 - RealTimeSTT: realtimestt - DEBUG - Receive from parent_transcription_pipe after sendiung transcription request, transcribe_count: 1
2026-04-15 14:39:24.809 - RealTimeSTT: realtimestt - DEBUG - Receive from parent_transcription_pipe after sendiung transcription request, transcribe_count: 1
2026-04-15 14:39:24.918 - RealTimeSTT: realtimestt - DEBUG - Receive from parent_transcription_pipe after sendiung transcription request, transcribe_count: 1
2026-04-15 14:39:24.922 - RealTimeSTT: realtimestt - INFO - State changed from 'transcribing' to 'inactive'
2026-04-15 14:39:24.922 - RealTimeSTT: realtimestt - DEBUG - Model tiny completed transcription in 0.44 seconds
2026-04-15 14:39:24.924 - RealTimeSTT: realtimestt - INFO - Setting listen time
2026-04-15 14:39:24.924 - RealTimeSTT: realtimestt - INFO - State changed from 'inactive' to 'listening'
2026-04-15 14:39:24.924 - RealTimeSTT: realtimestt - DEBUG - Waiting for recording start
2026-04-15 14:39:26.846 - RealTimeSTT: realtimestt - INFO - voice activity detected
2026-04-15 14:39:26.846 - RealTimeSTT: realtimestt - INFO - recording started
2026-04-15 14:39:26.846 - RealTimeSTT: realtimestt - INFO - State changed from 'listening' to 'recording'
2026-04-15 14:39:26.846 - RealTimeSTT: realtimestt - DEBUG - Waiting for recording stop
2026-04-15 14:39:26.848 - RealTimeSTT: realtimestt - DEBUG - Current realtime buffer size: 15872
2026-04-15 14:39:28.069 - RealTimeSTT: realtimestt - INFO - recording stopped
2026-04-15 14:39:28.070 - RealTimeSTT: realtimestt - DEBUG - No samples removed, final audio length: 35840
2026-04-15 14:39:28.070 - RealTimeSTT: realtimestt - INFO - State changed from 'recording' to 'inactive'
2026-04-15 14:39:28.070 - RealTimeSTT: realtimestt - INFO - State changed from 'inactive' to 'transcribing'
2026-04-15 14:39:29.373 - RealTimeSTT: realtimestt - DEBUG - Receive from realtime worker after transcription request to main model
2026-04-15 14:39:29.373 - RealTimeSTT: realtimestt - DEBUG - Realtime text detected with main model: A1, A4, A4, A4, A4, A4, A4, A4, A4, A4, A4, A4, A4, A4, A4, A4, A4, A4, A4, A4, A4, A4, A4, A4, A4, A4, A4, A4, A4, A4, A4, A4, A4, A4, A4, A4, A4, A4, A4, A4, A4, A4, A4, A4, A4, A4, A4, A4, A4, A4, A4, A4, A4, A4, A4, A4, A4, A4, A4, A4, A4, A4, A4, A4, A4, A4, A4, A4, A4, A4, A4, A4, A4, A4, A4
2026-04-15 14:39:29.373 - RealTimeSTT: realtimestt - DEBUG - Adding transcription request, no early transcription started
2026-04-15 14:39:29.374 - RealTimeSTT: realtimestt - DEBUG - Receive from parent_transcription_pipe after sendiung transcription request, transcribe_count: 1
2026-04-15 14:39:29.488 - RealTimeSTT: realtimestt - DEBUG - Receive from parent_transcription_pipe after sendiung transcription request, transcribe_count: 1
2026-04-15 14:39:29.597 - RealTimeSTT: realtimestt - DEBUG - Receive from parent_transcription_pipe after sendiung transcription request, transcribe_count: 1
2026-04-15 14:39:29.705 - RealTimeSTT: realtimestt - DEBUG - Receive from parent_transcription_pipe after sendiung transcription request, transcribe_count: 1
2026-04-15 14:39:29.812 - RealTimeSTT: realtimestt - DEBUG - Receive from parent_transcription_pipe after sendiung transcription request, transcribe_count: 1
2026-04-15 14:39:29.843 - RealTimeSTT: realtimestt - INFO - State changed from 'transcribing' to 'inactive'
2026-04-15 14:39:29.844 - RealTimeSTT: realtimestt - DEBUG - Model tiny completed transcription in 0.47 seconds
2026-04-15 14:39:29.846 - RealTimeSTT: realtimestt - INFO - Setting listen time
2026-04-15 14:39:29.846 - RealTimeSTT: realtimestt - INFO - State changed from 'inactive' to 'listening'
2026-04-15 14:39:29.846 - RealTimeSTT: realtimestt - DEBUG - Waiting for recording start
2026-04-15 14:39:33.566 - RealTimeSTT: realtimestt - INFO - voice activity detected
2026-04-15 14:39:33.566 - RealTimeSTT: realtimestt - INFO - recording started
2026-04-15 14:39:33.566 - RealTimeSTT: realtimestt - INFO - State changed from 'listening' to 'recording'
2026-04-15 14:39:33.566 - RealTimeSTT: realtimestt - DEBUG - Waiting for recording stop
2026-04-15 14:39:33.571 - RealTimeSTT: realtimestt - DEBUG - Current realtime buffer size: 16896
2026-04-15 14:39:35.038 - RealTimeSTT: realtimestt - INFO - recording stopped
2026-04-15 14:39:35.040 - RealTimeSTT: realtimestt - DEBUG - No samples removed, final audio length: 39936
2026-04-15 14:39:35.040 - RealTimeSTT: realtimestt - INFO - State changed from 'recording' to 'inactive'
2026-04-15 14:39:35.041 - RealTimeSTT: realtimestt - INFO - State changed from 'inactive' to 'transcribing'
2026-04-15 14:39:36.165 - RealTimeSTT: realtimestt - DEBUG - Receive from realtime worker after transcription request to main model
2026-04-15 14:39:36.166 - RealTimeSTT: realtimestt - DEBUG - Realtime text detected with main model: A1, A4, A4, A4, A4, A4, A4, A4, A4, A4, A4, A4, A4, A4, A4, A4, A4, A4, A4, A4, A4, A4, A4, A4, A4, A4, A4, A4, A4, A4, A4, A4, A4, A4, A4, A4, A4, A4, A4, A4, A4, A4, A4, A4, A4, A4, A4, A4, A4, A4, A4, A4, A4, A4, A4, A4, A4, A4, A4, A4, A4, A4, A4, A4, A4, A4, A4, A4, A4, A4, A4, A4, A4, A4, A4
2026-04-15 14:39:36.166 - RealTimeSTT: realtimestt - DEBUG - Adding transcription request, no early transcription started
2026-04-15 14:39:36.175 - RealTimeSTT: realtimestt - DEBUG - Receive from parent_transcription_pipe after sendiung transcription request, transcribe_count: 1
2026-04-15 14:39:36.279 - RealTimeSTT: realtimestt - DEBUG - Receive from parent_transcription_pipe after sendiung transcription request, transcribe_count: 1
2026-04-15 14:39:36.387 - RealTimeSTT: realtimestt - DEBUG - Receive from parent_transcription_pipe after sendiung transcription request, transcribe_count: 1
2026-04-15 14:39:36.494 - RealTimeSTT: realtimestt - DEBUG - Receive from parent_transcription_pipe after sendiung transcription request, transcribe_count: 1
2026-04-15 14:39:36.600 - RealTimeSTT: realtimestt - DEBUG - Receive from parent_transcription_pipe after sendiung transcription request, transcribe_count: 1
2026-04-15 14:39:36.669 - RealTimeSTT: realtimestt - INFO - State changed from 'transcribing' to 'inactive'
2026-04-15 14:39:36.670 - RealTimeSTT: realtimestt - DEBUG - Model tiny completed transcription in 0.50 seconds
2026-04-15 14:39:36.671 - RealTimeSTT: realtimestt - INFO - Setting listen time
2026-04-15 14:39:36.671 - RealTimeSTT: realtimestt - INFO - State changed from 'inactive' to 'listening'
2026-04-15 14:39:36.671 - RealTimeSTT: realtimestt - DEBUG - Waiting for recording start
2026-04-15 14:39:40.156 - RealTimeSTT: realtimestt - INFO - voice activity detected
2026-04-15 14:39:40.156 - RealTimeSTT: realtimestt - INFO - recording started
2026-04-15 14:39:40.156 - RealTimeSTT: realtimestt - INFO - State changed from 'listening' to 'recording'
2026-04-15 14:39:40.156 - RealTimeSTT: realtimestt - DEBUG - Waiting for recording stop
2026-04-15 14:39:40.159 - RealTimeSTT: realtimestt - DEBUG - Current realtime buffer size: 16896
2026-04-15 14:39:40.592 - RealTimeSTT: realtimestt - DEBUG - Receive from realtime worker after transcription request to main model
2026-04-15 14:39:40.593 - RealTimeSTT: realtimestt - DEBUG - Realtime text detected with main model: A2,
2026-04-15 14:39:40.593 - RealTimeSTT: realtimestt - DEBUG - Current realtime buffer size: 23040
2026-04-15 14:39:41.110 - RealTimeSTT: realtimestt - DEBUG - Receive from realtime worker after transcription request to main model
2026-04-15 14:39:41.110 - RealTimeSTT: realtimestt - DEBUG - Realtime text detected with main model: A2, B8, B8, B8,
2026-04-15 14:39:41.189 - RealTimeSTT: realtimestt - INFO - recording stopped
2026-04-15 14:39:41.190 - RealTimeSTT: realtimestt - DEBUG - No samples removed, final audio length: 33280
2026-04-15 14:39:41.190 - RealTimeSTT: realtimestt - INFO - State changed from 'recording' to 'inactive'
2026-04-15 14:39:41.191 - RealTimeSTT: realtimestt - INFO - State changed from 'inactive' to 'transcribing'
2026-04-15 14:39:41.191 - RealTimeSTT: realtimestt - DEBUG - Adding transcription request, no early transcription started
2026-04-15 14:39:41.191 - RealTimeSTT: realtimestt - DEBUG - Receive from parent_transcription_pipe after sendiung transcription request, transcribe_count: 1
2026-04-15 14:39:41.292 - RealTimeSTT: realtimestt - DEBUG - Receive from parent_transcription_pipe after sendiung transcription request, transcribe_count: 1
2026-04-15 14:39:41.400 - RealTimeSTT: realtimestt - DEBUG - Receive from parent_transcription_pipe after sendiung transcription request, transcribe_count: 1
2026-04-15 14:39:41.505 - RealTimeSTT: realtimestt - DEBUG - Receive from parent_transcription_pipe after sendiung transcription request, transcribe_count: 1
2026-04-15 14:39:41.613 - RealTimeSTT: realtimestt - DEBUG - Receive from parent_transcription_pipe after sendiung transcription request, transcribe_count: 1
2026-04-15 14:39:41.673 - RealTimeSTT: realtimestt - INFO - State changed from 'transcribing' to 'inactive'
2026-04-15 14:39:41.674 - RealTimeSTT: realtimestt - DEBUG - Model tiny completed transcription in 0.48 seconds
2026-04-15 14:39:41.676 - RealTimeSTT: realtimestt - INFO - Setting listen time
2026-04-15 14:39:41.676 - RealTimeSTT: realtimestt - INFO - State changed from 'inactive' to 'listening'
2026-04-15 14:39:41.676 - RealTimeSTT: realtimestt - DEBUG - Waiting for recording start
2026-04-15 14:39:43.936 - RealTimeSTT: realtimestt - INFO - voice activity detected
2026-04-15 14:39:43.936 - RealTimeSTT: realtimestt - INFO - recording started
2026-04-15 14:39:43.936 - RealTimeSTT: realtimestt - INFO - State changed from 'listening' to 'recording'
2026-04-15 14:39:43.937 - RealTimeSTT: realtimestt - DEBUG - Waiting for recording stop
2026-04-15 14:39:43.944 - RealTimeSTT: realtimestt - DEBUG - Current realtime buffer size: 16896
2026-04-15 14:39:45.029 - RealTimeSTT: realtimestt - INFO - recording stopped
2026-04-15 14:39:45.030 - RealTimeSTT: realtimestt - DEBUG - No samples removed, final audio length: 33792
2026-04-15 14:39:45.031 - RealTimeSTT: realtimestt - INFO - State changed from 'recording' to 'inactive'
2026-04-15 14:39:45.031 - RealTimeSTT: realtimestt - INFO - State changed from 'inactive' to 'transcribing'
2026-04-15 14:39:46.496 - RealTimeSTT: realtimestt - DEBUG - Receive from realtime worker after transcription request to main model
2026-04-15 14:39:46.496 - RealTimeSTT: realtimestt - DEBUG - Realtime text detected with main model: A1, A4, A4, A4, A4, A4, A4, A4, A4, A4, A4, A4, A4, A4, A4, A4, A4, A4, A4, A4, A4, A4, A4, A4, A4, A4, A4, A4, A4, A4, A4, A4, A4, A4, A4, A4, A4, A4, A4, A4, A4, A4, A4, A4, A4, A4, A4, A4, A4, A4, A4, A4, A4, A4, A4, A4, A4, A4, A4, A4, A4, A4, A4, A4, A4, A4, A4, A4, A4, A4, A4, A4, A4, A4, A4
2026-04-15 14:39:46.497 - RealTimeSTT: realtimestt - DEBUG - Adding transcription request, no early transcription started
2026-04-15 14:39:46.511 - RealTimeSTT: realtimestt - DEBUG - Receive from parent_transcription_pipe after sendiung transcription request, transcribe_count: 1
2026-04-15 14:39:46.612 - RealTimeSTT: realtimestt - DEBUG - Receive from parent_transcription_pipe after sendiung transcription request, transcribe_count: 1
2026-04-15 14:39:46.720 - RealTimeSTT: realtimestt - DEBUG - Receive from parent_transcription_pipe after sendiung transcription request, transcribe_count: 1
2026-04-15 14:39:46.827 - RealTimeSTT: realtimestt - DEBUG - Receive from parent_transcription_pipe after sendiung transcription request, transcribe_count: 1
2026-04-15 14:39:46.936 - RealTimeSTT: realtimestt - DEBUG - Receive from parent_transcription_pipe after sendiung transcription request, transcribe_count: 1
2026-04-15 14:39:46.968 - RealTimeSTT: realtimestt - INFO - State changed from 'transcribing' to 'inactive'
2026-04-15 14:39:46.968 - RealTimeSTT: realtimestt - DEBUG - Model tiny completed transcription in 0.47 seconds
2026-04-15 14:39:46.969 - RealTimeSTT: realtimestt - INFO - Setting listen time
2026-04-15 14:39:46.969 - RealTimeSTT: realtimestt - INFO - State changed from 'inactive' to 'listening'
2026-04-15 14:39:46.969 - RealTimeSTT: realtimestt - DEBUG - Waiting for recording start
2026-04-15 14:39:48.736 - RealTimeSTT: realtimestt - INFO - voice activity detected
2026-04-15 14:39:48.736 - RealTimeSTT: realtimestt - INFO - recording started
2026-04-15 14:39:48.736 - RealTimeSTT: realtimestt - INFO - State changed from 'listening' to 'recording'
2026-04-15 14:39:48.736 - RealTimeSTT: realtimestt - DEBUG - Waiting for recording stop
2026-04-15 14:39:48.754 - RealTimeSTT: realtimestt - DEBUG - Current realtime buffer size: 16896
2026-04-15 14:39:49.513 - RealTimeSTT: realtimestt - DEBUG - Receive from realtime worker after transcription request to main model
2026-04-15 14:39:49.514 - RealTimeSTT: realtimestt - DEBUG - Realtime text detected with main model: A2, A4, A4, A4, A4, A4, A4, A4, A4, A4, A4, A4,
2026-04-15 14:39:49.514 - RealTimeSTT: realtimestt - DEBUG - Current realtime buffer size: 29184
2026-04-15 14:39:49.831 - RealTimeSTT: realtimestt - INFO - recording stopped
2026-04-15 14:39:49.832 - RealTimeSTT: realtimestt - DEBUG - No samples removed, final audio length: 33792
2026-04-15 14:39:49.832 - RealTimeSTT: realtimestt - INFO - State changed from 'recording' to 'inactive'
2026-04-15 14:39:49.832 - RealTimeSTT: realtimestt - INFO - State changed from 'inactive' to 'transcribing'
2026-04-15 14:39:50.008 - RealTimeSTT: realtimestt - DEBUG - Receive from realtime worker after transcription request to main model
2026-04-15 14:39:50.008 - RealTimeSTT: realtimestt - DEBUG - Realtime text detected with main model: Asia.
2026-04-15 14:39:50.008 - RealTimeSTT: realtimestt - DEBUG - Adding transcription request, no early transcription started
2026-04-15 14:39:50.009 - RealTimeSTT: realtimestt - DEBUG - Receive from parent_transcription_pipe after sendiung transcription request, transcribe_count: 1
2026-04-15 14:39:50.115 - RealTimeSTT: realtimestt - DEBUG - Receive from parent_transcription_pipe after sendiung transcription request, transcribe_count: 1
2026-04-15 14:39:50.223 - RealTimeSTT: realtimestt - DEBUG - Receive from parent_transcription_pipe after sendiung transcription request, transcribe_count: 1
2026-04-15 14:39:50.330 - RealTimeSTT: realtimestt - DEBUG - Receive from parent_transcription_pipe after sendiung transcription request, transcribe_count: 1
2026-04-15 14:39:50.440 - RealTimeSTT: realtimestt - DEBUG - Receive from parent_transcription_pipe after sendiung transcription request, transcribe_count: 1
2026-04-15 14:39:50.548 - RealTimeSTT: realtimestt - DEBUG - Receive from parent_transcription_pipe after sendiung transcription request, transcribe_count: 1
2026-04-15 14:39:50.564 - RealTimeSTT: realtimestt - INFO - State changed from 'transcribing' to 'inactive'
2026-04-15 14:39:50.564 - RealTimeSTT: realtimestt - DEBUG - Model tiny completed transcription in 0.56 seconds
2026-04-15 14:39:50.566 - RealTimeSTT: realtimestt - INFO - Setting listen time
2026-04-15 14:39:50.566 - RealTimeSTT: realtimestt - INFO - State changed from 'inactive' to 'listening'
2026-04-15 14:39:50.566 - RealTimeSTT: realtimestt - DEBUG - Waiting for recording start
2026-04-15 14:39:52.896 - RealTimeSTT: realtimestt - INFO - voice activity detected
2026-04-15 14:39:52.896 - RealTimeSTT: realtimestt - INFO - recording started
2026-04-15 14:39:52.896 - RealTimeSTT: realtimestt - INFO - State changed from 'listening' to 'recording'
2026-04-15 14:39:52.897 - RealTimeSTT: realtimestt - DEBUG - Waiting for recording stop
2026-04-15 14:39:52.899 - RealTimeSTT: realtimestt - DEBUG - Current realtime buffer size: 16896
2026-04-15 14:39:52.907 - RealTimeSTT: realtimestt - DEBUG - Receive from realtime worker after transcription request to main model
2026-04-15 14:39:52.907 - RealTimeSTT: realtimestt - DEBUG - Realtime text detected with main model: 
2026-04-15 14:39:53.099 - RealTimeSTT: realtimestt - DEBUG - Current realtime buffer size: 19968
2026-04-15 14:39:54.238 - RealTimeSTT: realtimestt - INFO - recording stopped
2026-04-15 14:39:54.239 - RealTimeSTT: realtimestt - DEBUG - No samples removed, final audio length: 37888
2026-04-15 14:39:54.240 - RealTimeSTT: realtimestt - INFO - State changed from 'recording' to 'inactive'
2026-04-15 14:39:54.240 - RealTimeSTT: realtimestt - INFO - State changed from 'inactive' to 'transcribing'
2026-04-15 14:39:55.648 - RealTimeSTT: realtimestt - DEBUG - Receive from realtime worker after transcription request to main model
2026-04-15 14:39:55.648 - RealTimeSTT: realtimestt - DEBUG - Realtime text detected with main model: A1, A4, A4, A4, A4, A4, A4, A4, A4, A4, A4, A4, A4, A4, A4, A4, A4, A4, A4, A4, A4, A4, A4, A4, A4, A4, A4, A4, A4, A4, A4, A4, A4, A4, A4, A4, A4, A4, A4, A4, A4, A4, A4, A4, A4, A4, A4, A4, A4, A4, A4, A4, A4, A4, A4, A4, A4, A4, A4, A4, A4, A4, A4, A4, A4, A4, A4, A4, A4, A4, A4, A4, A4, A4, A4
2026-04-15 14:39:55.648 - RealTimeSTT: realtimestt - DEBUG - Adding transcription request, no early transcription started
2026-04-15 14:39:55.664 - RealTimeSTT: realtimestt - DEBUG - Receive from parent_transcription_pipe after sendiung transcription request, transcribe_count: 1
2026-04-15 14:39:55.767 - RealTimeSTT: realtimestt - DEBUG - Receive from parent_transcription_pipe after sendiung transcription request, transcribe_count: 1
2026-04-15 14:39:55.873 - RealTimeSTT: realtimestt - DEBUG - Receive from parent_transcription_pipe after sendiung transcription request, transcribe_count: 1
2026-04-15 14:39:55.981 - RealTimeSTT: realtimestt - DEBUG - Receive from parent_transcription_pipe after sendiung transcription request, transcribe_count: 1
2026-04-15 14:39:56.089 - RealTimeSTT: realtimestt - DEBUG - Receive from parent_transcription_pipe after sendiung transcription request, transcribe_count: 1
2026-04-15 14:39:56.149 - RealTimeSTT: realtimestt - INFO - State changed from 'transcribing' to 'inactive'
2026-04-15 14:39:56.150 - RealTimeSTT: realtimestt - DEBUG - Model tiny completed transcription in 0.50 seconds
2026-04-15 14:39:56.151 - RealTimeSTT: realtimestt - INFO - Setting listen time
2026-04-15 14:39:56.151 - RealTimeSTT: realtimestt - INFO - State changed from 'inactive' to 'listening'
2026-04-15 14:39:56.151 - RealTimeSTT: realtimestt - DEBUG - Waiting for recording start
2026-04-15 14:39:58.847 - RealTimeSTT: realtimestt - INFO - voice activity detected
2026-04-15 14:39:58.847 - RealTimeSTT: realtimestt - INFO - recording started
2026-04-15 14:39:58.847 - RealTimeSTT: realtimestt - INFO - State changed from 'listening' to 'recording'
2026-04-15 14:39:58.847 - RealTimeSTT: realtimestt - DEBUG - Waiting for recording stop
2026-04-15 14:39:58.851 - RealTimeSTT: realtimestt - DEBUG - Current realtime buffer size: 16896
2026-04-15 14:39:58.858 - RealTimeSTT: realtimestt - DEBUG - Receive from realtime worker after transcription request to main model
2026-04-15 14:39:58.859 - RealTimeSTT: realtimestt - DEBUG - Realtime text detected with main model: 
2026-04-15 14:39:59.052 - RealTimeSTT: realtimestt - DEBUG - Current realtime buffer size: 19968
2026-04-15 14:40:00.389 - RealTimeSTT: realtimestt - INFO - recording stopped
2026-04-15 14:40:00.391 - RealTimeSTT: realtimestt - DEBUG - No samples removed, final audio length: 40960
2026-04-15 14:40:00.391 - RealTimeSTT: realtimestt - INFO - State changed from 'recording' to 'inactive'
2026-04-15 14:40:00.392 - RealTimeSTT: realtimestt - INFO - State changed from 'inactive' to 'transcribing'
2026-04-15 14:40:01.671 - RealTimeSTT: realtimestt - DEBUG - Receive from realtime worker after transcription request to main model
2026-04-15 14:40:01.671 - RealTimeSTT: realtimestt - DEBUG - Realtime text detected with main model: B6, B6, B6, B6, B6, B6, B6, B6, B6, B6, B6, B6, B6, B6, B6, B6, B6, B6, B6, B6, B6, B6, B6, B6, B6, B6, B6, B6, B6, B6, B6, B6, B6, B6, B6, B6, B6, B6, B6, B6, B6, B6, B6, B6, B6, B6, B6, B6, B6, B6, B6, B6, B6, B6, B6, B6, B6, B6, B6, B6, B6, B6, B6, B6, B6, B6, B6, B6, B6, B6, B6, B6, B6, B6, B6
2026-04-15 14:40:01.672 - RealTimeSTT: realtimestt - DEBUG - Adding transcription request, no early transcription started
2026-04-15 14:40:01.680 - RealTimeSTT: realtimestt - DEBUG - Receive from parent_transcription_pipe after sendiung transcription request, transcribe_count: 1
2026-04-15 14:40:01.783 - RealTimeSTT: realtimestt - DEBUG - Receive from parent_transcription_pipe after sendiung transcription request, transcribe_count: 1
2026-04-15 14:40:01.891 - RealTimeSTT: realtimestt - DEBUG - Receive from parent_transcription_pipe after sendiung transcription request, transcribe_count: 1
2026-04-15 14:40:01.998 - RealTimeSTT: realtimestt - DEBUG - Receive from parent_transcription_pipe after sendiung transcription request, transcribe_count: 1
2026-04-15 14:40:02.106 - RealTimeSTT: realtimestt - DEBUG - Receive from parent_transcription_pipe after sendiung transcription request, transcribe_count: 1
2026-04-15 14:40:02.168 - RealTimeSTT: realtimestt - INFO - State changed from 'transcribing' to 'inactive'
2026-04-15 14:40:02.169 - RealTimeSTT: realtimestt - DEBUG - Model tiny completed transcription in 0.50 seconds
2026-04-15 14:40:02.170 - RealTimeSTT: realtimestt - INFO - Setting listen time
2026-04-15 14:40:02.170 - RealTimeSTT: realtimestt - INFO - State changed from 'inactive' to 'listening'
2026-04-15 14:40:02.170 - RealTimeSTT: realtimestt - DEBUG - Waiting for recording start
2026-04-15 14:40:05.057 - RealTimeSTT: realtimestt - INFO - voice activity detected
2026-04-15 14:40:05.057 - RealTimeSTT: realtimestt - INFO - recording started
2026-04-15 14:40:05.057 - RealTimeSTT: realtimestt - INFO - State changed from 'listening' to 'recording'
2026-04-15 14:40:05.057 - RealTimeSTT: realtimestt - DEBUG - Waiting for recording stop
2026-04-15 14:40:05.071 - RealTimeSTT: realtimestt - DEBUG - Current realtime buffer size: 16896
2026-04-15 14:40:05.521 - RealTimeSTT: realtimestt - DEBUG - Receive from realtime worker after transcription request to main model
2026-04-15 14:40:05.521 - RealTimeSTT: realtimestt - DEBUG - Realtime text detected with main model: Schlage.
2026-04-15 14:40:05.521 - RealTimeSTT: realtimestt - DEBUG - Current realtime buffer size: 24064
2026-04-15 14:40:05.959 - RealTimeSTT: realtimestt - DEBUG - Receive from realtime worker after transcription request to main model
2026-04-15 14:40:05.959 - RealTimeSTT: realtimestt - DEBUG - Realtime text detected with main model: See.
2026-04-15 14:40:05.960 - RealTimeSTT: realtimestt - DEBUG - Current realtime buffer size: 31232
2026-04-15 14:40:06.414 - RealTimeSTT: realtimestt - DEBUG - Receive from realtime worker after transcription request to main model
2026-04-15 14:40:06.414 - RealTimeSTT: realtimestt - DEBUG - Realtime text detected with main model: C3.
2026-04-15 14:40:06.468 - RealTimeSTT: realtimestt - INFO - recording stopped
2026-04-15 14:40:06.469 - RealTimeSTT: realtimestt - DEBUG - No samples removed, final audio length: 38912
2026-04-15 14:40:06.469 - RealTimeSTT: realtimestt - INFO - State changed from 'recording' to 'inactive'
2026-04-15 14:40:06.469 - RealTimeSTT: realtimestt - INFO - State changed from 'inactive' to 'transcribing'
2026-04-15 14:40:06.469 - RealTimeSTT: realtimestt - DEBUG - Adding transcription request, no early transcription started
2026-04-15 14:40:06.470 - RealTimeSTT: realtimestt - DEBUG - Receive from parent_transcription_pipe after sendiung transcription request, transcribe_count: 1
2026-04-15 14:40:06.573 - RealTimeSTT: realtimestt - DEBUG - Receive from parent_transcription_pipe after sendiung transcription request, transcribe_count: 1
2026-04-15 14:40:06.680 - RealTimeSTT: realtimestt - DEBUG - Receive from parent_transcription_pipe after sendiung transcription request, transcribe_count: 1
2026-04-15 14:40:06.788 - RealTimeSTT: realtimestt - DEBUG - Receive from parent_transcription_pipe after sendiung transcription request, transcribe_count: 1
2026-04-15 14:40:06.893 - RealTimeSTT: realtimestt - DEBUG - Receive from parent_transcription_pipe after sendiung transcription request, transcribe_count: 1
2026-04-15 14:40:06.951 - RealTimeSTT: realtimestt - INFO - State changed from 'transcribing' to 'inactive'
2026-04-15 14:40:06.952 - RealTimeSTT: realtimestt - DEBUG - Model tiny completed transcription in 0.48 seconds
2026-04-15 14:40:06.953 - RealTimeSTT: realtimestt - INFO - Setting listen time
2026-04-15 14:40:06.953 - RealTimeSTT: realtimestt - INFO - State changed from 'inactive' to 'listening'
2026-04-15 14:40:06.953 - RealTimeSTT: realtimestt - DEBUG - Waiting for recording start
2026-04-15 14:40:12.228 - RealTimeSTT: realtimestt - DEBUG - No samples removed, final audio length: 0
2026-04-15 14:40:12.229 - RealTimeSTT: realtimestt - INFO - State changed from 'listening' to 'inactive'
2026-04-15 14:40:12.229 - RealTimeSTT: realtimestt - INFO - Setting listen time
2026-04-15 14:40:12.229 - RealTimeSTT: realtimestt - INFO - State changed from 'inactive' to 'listening'
2026-04-15 14:40:12.229 - RealTimeSTT: realtimestt - DEBUG - Waiting for recording start
2026-04-20 17:29:54.756 - RealTimeSTT: realtimestt - INFO - Starting RealTimeSTT
2026-04-20 17:29:54.805 - RealTimeSTT: realtimestt - INFO - Initializing audio recording (creating pyAudio input stream, sample rate: 16000 buffer size: 512
2026-04-20 17:29:54.844 - RealTimeSTT: realtimestt - INFO - Initializing WebRTC voice with Sensitivity 3
2026-04-20 17:29:54.845 - RealTimeSTT: realtimestt - DEBUG - WebRTC VAD voice activity detection engine initialized successfully
2026-04-20 17:29:55.581 - RealTimeSTT: realtimestt - DEBUG - Silero VAD voice activity detection engine initialized successfully
2026-04-20 17:29:55.583 - RealTimeSTT: realtimestt - DEBUG - Starting realtime worker
2026-04-20 17:29:55.583 - RealTimeSTT: realtimestt - DEBUG - Waiting for main transcription model to start
2026-04-20 17:30:10.539 - RealTimeSTT: realtimestt - DEBUG - Main transcription model ready
2026-04-20 17:30:10.541 - RealTimeSTT: realtimestt - DEBUG - RealtimeSTT initialization completed successfully
2026-04-20 17:30:11.234 - RealTimeSTT: realtimestt - INFO - Setting listen time
2026-04-20 17:30:11.234 - RealTimeSTT: realtimestt - INFO - State changed from 'inactive' to 'listening'
2026-04-20 17:30:11.234 - RealTimeSTT: realtimestt - DEBUG - Waiting for recording start
2026-04-20 17:30:15.788 - RealTimeSTT: realtimestt - INFO - voice activity detected
2026-04-20 17:30:15.788 - RealTimeSTT: realtimestt - INFO - recording started
2026-04-20 17:30:15.788 - RealTimeSTT: realtimestt - INFO - State changed from 'listening' to 'recording'
2026-04-20 17:30:15.788 - RealTimeSTT: realtimestt - DEBUG - Current realtime buffer size: 0
2026-04-20 17:30:15.788 - RealTimeSTT: realtimestt - DEBUG - Waiting for recording stop
2026-04-20 17:30:15.792 - RealTimeSTT: realtimestt - DEBUG - Receive from realtime worker after transcription request to main model
2026-04-20 17:30:15.792 - RealTimeSTT: realtimestt - ERROR - Realtime transcription error: Received None audio for transcription
2026-04-20 17:30:15.989 - RealTimeSTT: realtimestt - DEBUG - Current realtime buffer size: 19968
2026-04-20 17:30:17.143 - RealTimeSTT: realtimestt - INFO - recording stopped
2026-04-20 17:30:17.144 - RealTimeSTT: realtimestt - DEBUG - No samples removed, final audio length: 38400
2026-04-20 17:30:17.145 - RealTimeSTT: realtimestt - INFO - State changed from 'recording' to 'inactive'
2026-04-20 17:30:17.145 - RealTimeSTT: realtimestt - INFO - State changed from 'inactive' to 'transcribing'
2026-04-20 17:30:19.488 - RealTimeSTT: realtimestt - DEBUG - Receive from realtime worker after transcription request to main model
2026-04-20 17:30:19.489 - RealTimeSTT: realtimestt - DEBUG - Realtime text detected with main model: Test.
2026-04-20 17:30:19.489 - RealTimeSTT: realtimestt - DEBUG - Adding transcription request, no early transcription started
2026-04-20 17:30:19.490 - RealTimeSTT: realtimestt - DEBUG - Receive from parent_transcription_pipe after sendiung transcription request, transcribe_count: 1
2026-04-20 17:30:19.595 - RealTimeSTT: realtimestt - DEBUG - Receive from parent_transcription_pipe after sendiung transcription request, transcribe_count: 1
2026-04-20 17:30:19.705 - RealTimeSTT: realtimestt - DEBUG - Receive from parent_transcription_pipe after sendiung transcription request, transcribe_count: 1
2026-04-20 17:30:19.812 - RealTimeSTT: realtimestt - DEBUG - Receive from parent_transcription_pipe after sendiung transcription request, transcribe_count: 1
2026-04-20 17:30:19.920 - RealTimeSTT: realtimestt - DEBUG - Receive from parent_transcription_pipe after sendiung transcription request, transcribe_count: 1
2026-04-20 17:30:20.026 - RealTimeSTT: realtimestt - DEBUG - Receive from parent_transcription_pipe after sendiung transcription request, transcribe_count: 1
2026-04-20 17:30:20.137 - RealTimeSTT: realtimestt - DEBUG - Receive from parent_transcription_pipe after sendiung transcription request, transcribe_count: 1
2026-04-20 17:30:20.247 - RealTimeSTT: realtimestt - DEBUG - Receive from parent_transcription_pipe after sendiung transcription request, transcribe_count: 1
2026-04-20 17:30:20.356 - RealTimeSTT: realtimestt - DEBUG - Receive from parent_transcription_pipe after sendiung transcription request, transcribe_count: 1
2026-04-20 17:30:20.463 - RealTimeSTT: realtimestt - DEBUG - Receive from parent_transcription_pipe after sendiung transcription request, transcribe_count: 1
2026-04-20 17:30:20.570 - RealTimeSTT: realtimestt - DEBUG - Receive from parent_transcription_pipe after sendiung transcription request, transcribe_count: 1
2026-04-20 17:30:20.679 - RealTimeSTT: realtimestt - DEBUG - Receive from parent_transcription_pipe after sendiung transcription request, transcribe_count: 1
2026-04-20 17:30:20.787 - RealTimeSTT: realtimestt - DEBUG - Receive from parent_transcription_pipe after sendiung transcription request, transcribe_count: 1
2026-04-20 17:30:20.896 - RealTimeSTT: realtimestt - DEBUG - Receive from parent_transcription_pipe after sendiung transcription request, transcribe_count: 1
2026-04-20 17:30:21.007 - RealTimeSTT: realtimestt - DEBUG - Receive from parent_transcription_pipe after sendiung transcription request, transcribe_count: 1
2026-04-20 17:30:21.115 - RealTimeSTT: realtimestt - DEBUG - Receive from parent_transcription_pipe after sendiung transcription request, transcribe_count: 1
2026-04-20 17:30:21.225 - RealTimeSTT: realtimestt - DEBUG - Receive from parent_transcription_pipe after sendiung transcription request, transcribe_count: 1
2026-04-20 17:30:21.333 - RealTimeSTT: realtimestt - DEBUG - Receive from parent_transcription_pipe after sendiung transcription request, transcribe_count: 1
2026-04-20 17:30:21.441 - RealTimeSTT: realtimestt - DEBUG - Receive from parent_transcription_pipe after sendiung transcription request, transcribe_count: 1
2026-04-20 17:30:21.550 - RealTimeSTT: realtimestt - DEBUG - Receive from parent_transcription_pipe after sendiung transcription request, transcribe_count: 1
2026-04-20 17:30:21.660 - RealTimeSTT: realtimestt - DEBUG - Receive from parent_transcription_pipe after sendiung transcription request, transcribe_count: 1
2026-04-20 17:30:21.769 - RealTimeSTT: realtimestt - DEBUG - Receive from parent_transcription_pipe after sendiung transcription request, transcribe_count: 1
2026-04-20 17:30:21.877 - RealTimeSTT: realtimestt - DEBUG - Receive from parent_transcription_pipe after sendiung transcription request, transcribe_count: 1
2026-04-20 17:30:21.986 - RealTimeSTT: realtimestt - DEBUG - Receive from parent_transcription_pipe after sendiung transcription request, transcribe_count: 1
2026-04-20 17:30:22.094 - RealTimeSTT: realtimestt - DEBUG - Receive from parent_transcription_pipe after sendiung transcription request, transcribe_count: 1
2026-04-20 17:30:22.203 - RealTimeSTT: realtimestt - DEBUG - Receive from parent_transcription_pipe after sendiung transcription request, transcribe_count: 1
2026-04-20 17:30:22.312 - RealTimeSTT: realtimestt - DEBUG - Receive from parent_transcription_pipe after sendiung transcription request, transcribe_count: 1
2026-04-20 17:30:22.422 - RealTimeSTT: realtimestt - DEBUG - Receive from parent_transcription_pipe after sendiung transcription request, transcribe_count: 1
2026-04-20 17:30:22.532 - RealTimeSTT: realtimestt - DEBUG - Receive from parent_transcription_pipe after sendiung transcription request, transcribe_count: 1
2026-04-20 17:30:22.641 - RealTimeSTT: realtimestt - DEBUG - Receive from parent_transcription_pipe after sendiung transcription request, transcribe_count: 1
2026-04-20 17:30:22.750 - RealTimeSTT: realtimestt - DEBUG - Receive from parent_transcription_pipe after sendiung transcription request, transcribe_count: 1
2026-04-20 17:30:22.856 - RealTimeSTT: realtimestt - DEBUG - Receive from parent_transcription_pipe after sendiung transcription request, transcribe_count: 1
2026-04-20 17:30:22.962 - RealTimeSTT: realtimestt - DEBUG - Receive from parent_transcription_pipe after sendiung transcription request, transcribe_count: 1
2026-04-20 17:30:23.069 - RealTimeSTT: realtimestt - DEBUG - Receive from parent_transcription_pipe after sendiung transcription request, transcribe_count: 1
2026-04-20 17:30:23.179 - RealTimeSTT: realtimestt - DEBUG - Receive from parent_transcription_pipe after sendiung transcription request, transcribe_count: 1
2026-04-20 17:30:23.216 - RealTimeSTT: realtimestt - INFO - State changed from 'transcribing' to 'inactive'
2026-04-20 17:30:23.217 - RealTimeSTT: realtimestt - DEBUG - Model small completed transcription in 3.73 seconds
2026-04-20 17:30:23.218 - RealTimeSTT: realtimestt - INFO - Setting listen time
2026-04-20 17:30:23.219 - RealTimeSTT: realtimestt - INFO - State changed from 'inactive' to 'listening'
2026-04-20 17:30:23.219 - RealTimeSTT: realtimestt - DEBUG - Waiting for recording start
2026-04-20 17:30:25.968 - RealTimeSTT: realtimestt - INFO - voice activity detected
2026-04-20 17:30:25.968 - RealTimeSTT: realtimestt - INFO - recording started
2026-04-20 17:30:25.968 - RealTimeSTT: realtimestt - INFO - State changed from 'listening' to 'recording'
2026-04-20 17:30:25.968 - RealTimeSTT: realtimestt - DEBUG - Waiting for recording stop
2026-04-20 17:30:25.975 - RealTimeSTT: realtimestt - DEBUG - Current realtime buffer size: 15872
2026-04-20 17:30:27.061 - RealTimeSTT: realtimestt - INFO - recording stopped
2026-04-20 17:30:27.063 - RealTimeSTT: realtimestt - DEBUG - No samples removed, final audio length: 33792
2026-04-20 17:30:27.064 - RealTimeSTT: realtimestt - INFO - State changed from 'recording' to 'inactive'
2026-04-20 17:30:27.064 - RealTimeSTT: realtimestt - INFO - State changed from 'inactive' to 'transcribing'
2026-04-20 17:30:29.381 - RealTimeSTT: realtimestt - DEBUG - Receive from realtime worker after transcription request to main model
2026-04-20 17:30:29.381 - RealTimeSTT: realtimestt - DEBUG - Realtime text detected with main model: Das war es.
2026-04-20 17:30:29.382 - RealTimeSTT: realtimestt - DEBUG - Adding transcription request, no early transcription started
2026-04-20 17:30:29.395 - RealTimeSTT: realtimestt - DEBUG - Receive from parent_transcription_pipe after sendiung transcription request, transcribe_count: 1
2026-04-20 17:30:29.499 - RealTimeSTT: realtimestt - DEBUG - Receive from parent_transcription_pipe after sendiung transcription request, transcribe_count: 1
2026-04-20 17:30:29.609 - RealTimeSTT: realtimestt - DEBUG - Receive from parent_transcription_pipe after sendiung transcription request, transcribe_count: 1
2026-04-20 17:30:29.718 - RealTimeSTT: realtimestt - DEBUG - Receive from parent_transcription_pipe after sendiung transcription request, transcribe_count: 1
2026-04-20 17:30:29.826 - RealTimeSTT: realtimestt - DEBUG - Receive from parent_transcription_pipe after sendiung transcription request, transcribe_count: 1
2026-04-20 17:30:29.933 - RealTimeSTT: realtimestt - DEBUG - Receive from parent_transcription_pipe after sendiung transcription request, transcribe_count: 1
2026-04-20 17:30:30.041 - RealTimeSTT: realtimestt - DEBUG - Receive from parent_transcription_pipe after sendiung transcription request, transcribe_count: 1
2026-04-20 17:30:30.149 - RealTimeSTT: realtimestt - DEBUG - Receive from parent_transcription_pipe after sendiung transcription request, transcribe_count: 1
2026-04-20 17:30:30.259 - RealTimeSTT: realtimestt - DEBUG - Receive from parent_transcription_pipe after sendiung transcription request, transcribe_count: 1
2026-04-20 17:30:30.367 - RealTimeSTT: realtimestt - DEBUG - Receive from parent_transcription_pipe after sendiung transcription request, transcribe_count: 1
2026-04-20 17:30:30.473 - RealTimeSTT: realtimestt - DEBUG - Receive from parent_transcription_pipe after sendiung transcription request, transcribe_count: 1
2026-04-20 17:30:30.583 - RealTimeSTT: realtimestt - DEBUG - Receive from parent_transcription_pipe after sendiung transcription request, transcribe_count: 1
2026-04-20 17:30:30.693 - RealTimeSTT: realtimestt - DEBUG - Receive from parent_transcription_pipe after sendiung transcription request, transcribe_count: 1
2026-04-20 17:30:30.803 - RealTimeSTT: realtimestt - DEBUG - Receive from parent_transcription_pipe after sendiung transcription request, transcribe_count: 1
2026-04-20 17:30:30.912 - RealTimeSTT: realtimestt - DEBUG - Receive from parent_transcription_pipe after sendiung transcription request, transcribe_count: 1
2026-04-20 17:30:31.021 - RealTimeSTT: realtimestt - DEBUG - Receive from parent_transcription_pipe after sendiung transcription request, transcribe_count: 1
2026-04-20 17:30:31.132 - RealTimeSTT: realtimestt - DEBUG - Receive from parent_transcription_pipe after sendiung transcription request, transcribe_count: 1
2026-04-20 17:30:31.241 - RealTimeSTT: realtimestt - DEBUG - Receive from parent_transcription_pipe after sendiung transcription request, transcribe_count: 1
2026-04-20 17:30:31.351 - RealTimeSTT: realtimestt - DEBUG - Receive from parent_transcription_pipe after sendiung transcription request, transcribe_count: 1
2026-04-20 17:30:31.460 - RealTimeSTT: realtimestt - DEBUG - Receive from parent_transcription_pipe after sendiung transcription request, transcribe_count: 1
2026-04-20 17:30:31.570 - RealTimeSTT: realtimestt - DEBUG - Receive from parent_transcription_pipe after sendiung transcription request, transcribe_count: 1
2026-04-20 17:30:31.677 - RealTimeSTT: realtimestt - DEBUG - Receive from parent_transcription_pipe after sendiung transcription request, transcribe_count: 1
2026-04-20 17:30:31.785 - RealTimeSTT: realtimestt - DEBUG - Receive from parent_transcription_pipe after sendiung transcription request, transcribe_count: 1
2026-04-20 17:30:31.896 - RealTimeSTT: realtimestt - DEBUG - Receive from parent_transcription_pipe after sendiung transcription request, transcribe_count: 1
2026-04-20 17:30:32.004 - RealTimeSTT: realtimestt - DEBUG - Receive from parent_transcription_pipe after sendiung transcription request, transcribe_count: 1
2026-04-20 17:30:32.112 - RealTimeSTT: realtimestt - DEBUG - Receive from parent_transcription_pipe after sendiung transcription request, transcribe_count: 1
2026-04-20 17:30:32.222 - RealTimeSTT: realtimestt - DEBUG - Receive from parent_transcription_pipe after sendiung transcription request, transcribe_count: 1
2026-04-20 17:30:32.330 - RealTimeSTT: realtimestt - DEBUG - Receive from parent_transcription_pipe after sendiung transcription request, transcribe_count: 1
2026-04-20 17:30:32.439 - RealTimeSTT: realtimestt - DEBUG - Receive from parent_transcription_pipe after sendiung transcription request, transcribe_count: 1
2026-04-20 17:30:32.549 - RealTimeSTT: realtimestt - DEBUG - Receive from parent_transcription_pipe after sendiung transcription request, transcribe_count: 1
2026-04-20 17:30:32.657 - RealTimeSTT: realtimestt - DEBUG - Receive from parent_transcription_pipe after sendiung transcription request, transcribe_count: 1
2026-04-20 17:30:32.767 - RealTimeSTT: realtimestt - DEBUG - Receive from parent_transcription_pipe after sendiung transcription request, transcribe_count: 1
2026-04-20 17:30:32.778 - RealTimeSTT: realtimestt - INFO - State changed from 'transcribing' to 'inactive'
2026-04-20 17:30:32.779 - RealTimeSTT: realtimestt - DEBUG - Model small completed transcription in 3.40 seconds
2026-04-20 17:30:32.780 - RealTimeSTT: realtimestt - INFO - Setting listen time
2026-04-20 17:30:32.780 - RealTimeSTT: realtimestt - INFO - State changed from 'inactive' to 'listening'
2026-04-20 17:30:32.781 - RealTimeSTT: realtimestt - DEBUG - Waiting for recording start
2026-04-20 17:30:36.398 - RealTimeSTT: realtimestt - INFO - voice activity detected
2026-04-20 17:30:36.398 - RealTimeSTT: realtimestt - INFO - recording started
2026-04-20 17:30:36.398 - RealTimeSTT: realtimestt - INFO - State changed from 'listening' to 'recording'
2026-04-20 17:30:36.398 - RealTimeSTT: realtimestt - DEBUG - Waiting for recording stop
2026-04-20 17:30:36.417 - RealTimeSTT: realtimestt - DEBUG - Current realtime buffer size: 16896
2026-04-20 17:30:37.941 - RealTimeSTT: realtimestt - INFO - recording stopped
2026-04-20 17:30:37.942 - RealTimeSTT: realtimestt - DEBUG - No samples removed, final audio length: 40960
2026-04-20 17:30:37.943 - RealTimeSTT: realtimestt - INFO - State changed from 'recording' to 'inactive'
2026-04-20 17:30:37.943 - RealTimeSTT: realtimestt - INFO - State changed from 'inactive' to 'transcribing'
2026-04-20 17:30:39.695 - RealTimeSTT: realtimestt - DEBUG - Receive from realtime worker after transcription request to main model
2026-04-20 17:30:39.696 - RealTimeSTT: realtimestt - DEBUG - Realtime text detected with main model: Ah.
2026-04-20 17:30:39.696 - RealTimeSTT: realtimestt - DEBUG - Adding transcription request, no early transcription started
2026-04-20 17:30:39.716 - RealTimeSTT: realtimestt - DEBUG - Receive from parent_transcription_pipe after sendiung transcription request, transcribe_count: 1
2026-04-20 17:30:39.818 - RealTimeSTT: realtimestt - DEBUG - Receive from parent_transcription_pipe after sendiung transcription request, transcribe_count: 1
2026-04-20 17:30:39.925 - RealTimeSTT: realtimestt - DEBUG - Receive from parent_transcription_pipe after sendiung transcription request, transcribe_count: 1
2026-04-20 17:30:40.033 - RealTimeSTT: realtimestt - DEBUG - Receive from parent_transcription_pipe after sendiung transcription request, transcribe_count: 1
2026-04-20 17:30:40.143 - RealTimeSTT: realtimestt - DEBUG - Receive from parent_transcription_pipe after sendiung transcription request, transcribe_count: 1
2026-04-20 17:30:40.253 - RealTimeSTT: realtimestt - DEBUG - Receive from parent_transcription_pipe after sendiung transcription request, transcribe_count: 1
2026-04-20 17:30:40.362 - RealTimeSTT: realtimestt - DEBUG - Receive from parent_transcription_pipe after sendiung transcription request, transcribe_count: 1
2026-04-20 17:30:40.470 - RealTimeSTT: realtimestt - DEBUG - Receive from parent_transcription_pipe after sendiung transcription request, transcribe_count: 1
2026-04-20 17:30:40.580 - RealTimeSTT: realtimestt - DEBUG - Receive from parent_transcription_pipe after sendiung transcription request, transcribe_count: 1
2026-04-20 17:30:40.689 - RealTimeSTT: realtimestt - DEBUG - Receive from parent_transcription_pipe after sendiung transcription request, transcribe_count: 1
2026-04-20 17:30:40.797 - RealTimeSTT: realtimestt - DEBUG - Receive from parent_transcription_pipe after sendiung transcription request, transcribe_count: 1
2026-04-20 17:30:40.906 - RealTimeSTT: realtimestt - DEBUG - Receive from parent_transcription_pipe after sendiung transcription request, transcribe_count: 1
2026-04-20 17:30:41.014 - RealTimeSTT: realtimestt - DEBUG - Receive from parent_transcription_pipe after sendiung transcription request, transcribe_count: 1
2026-04-20 17:30:41.124 - RealTimeSTT: realtimestt - DEBUG - Receive from parent_transcription_pipe after sendiung transcription request, transcribe_count: 1
2026-04-20 17:30:41.233 - RealTimeSTT: realtimestt - DEBUG - Receive from parent_transcription_pipe after sendiung transcription request, transcribe_count: 1
2026-04-20 17:30:41.342 - RealTimeSTT: realtimestt - DEBUG - Receive from parent_transcription_pipe after sendiung transcription request, transcribe_count: 1
2026-04-20 17:30:41.451 - RealTimeSTT: realtimestt - DEBUG - Receive from parent_transcription_pipe after sendiung transcription request, transcribe_count: 1
2026-04-20 17:30:41.560 - RealTimeSTT: realtimestt - DEBUG - Receive from parent_transcription_pipe after sendiung transcription request, transcribe_count: 1
2026-04-20 17:30:41.671 - RealTimeSTT: realtimestt - DEBUG - Receive from parent_transcription_pipe after sendiung transcription request, transcribe_count: 1
2026-04-20 17:30:41.780 - RealTimeSTT: realtimestt - DEBUG - Receive from parent_transcription_pipe after sendiung transcription request, transcribe_count: 1
2026-04-20 17:30:41.889 - RealTimeSTT: realtimestt - DEBUG - Receive from parent_transcription_pipe after sendiung transcription request, transcribe_count: 1
2026-04-20 17:30:41.999 - RealTimeSTT: realtimestt - DEBUG - Receive from parent_transcription_pipe after sendiung transcription request, transcribe_count: 1
2026-04-20 17:30:42.107 - RealTimeSTT: realtimestt - DEBUG - Receive from parent_transcription_pipe after sendiung transcription request, transcribe_count: 1
2026-04-20 17:30:42.214 - RealTimeSTT: realtimestt - DEBUG - Receive from parent_transcription_pipe after sendiung transcription request, transcribe_count: 1
2026-04-20 17:30:42.324 - RealTimeSTT: realtimestt - DEBUG - Receive from parent_transcription_pipe after sendiung transcription request, transcribe_count: 1
2026-04-20 17:30:42.432 - RealTimeSTT: realtimestt - DEBUG - Receive from parent_transcription_pipe after sendiung transcription request, transcribe_count: 1
2026-04-20 17:30:42.542 - RealTimeSTT: realtimestt - DEBUG - Receive from parent_transcription_pipe after sendiung transcription request, transcribe_count: 1
2026-04-20 17:30:42.650 - RealTimeSTT: realtimestt - DEBUG - Receive from parent_transcription_pipe after sendiung transcription request, transcribe_count: 1
2026-04-20 17:30:42.760 - RealTimeSTT: realtimestt - DEBUG - Receive from parent_transcription_pipe after sendiung transcription request, transcribe_count: 1
2026-04-20 17:30:42.870 - RealTimeSTT: realtimestt - DEBUG - Receive from parent_transcription_pipe after sendiung transcription request, transcribe_count: 1
2026-04-20 17:30:42.976 - RealTimeSTT: realtimestt - DEBUG - Receive from parent_transcription_pipe after sendiung transcription request, transcribe_count: 1
2026-04-20 17:30:43.070 - RealTimeSTT: realtimestt - INFO - State changed from 'transcribing' to 'inactive'
2026-04-20 17:30:43.071 - RealTimeSTT: realtimestt - DEBUG - Model small completed transcription in 3.37 seconds
2026-04-20 17:30:43.072 - RealTimeSTT: realtimestt - INFO - Setting listen time
2026-04-20 17:30:43.073 - RealTimeSTT: realtimestt - INFO - State changed from 'inactive' to 'listening'
2026-04-20 17:30:43.073 - RealTimeSTT: realtimestt - DEBUG - Waiting for recording start
2026-04-20 17:30:45.488 - RealTimeSTT: realtimestt - INFO - voice activity detected
2026-04-20 17:30:45.488 - RealTimeSTT: realtimestt - INFO - recording started
2026-04-20 17:30:45.488 - RealTimeSTT: realtimestt - INFO - State changed from 'listening' to 'recording'
2026-04-20 17:30:45.488 - RealTimeSTT: realtimestt - DEBUG - Waiting for recording stop
2026-04-20 17:30:45.495 - RealTimeSTT: realtimestt - DEBUG - Current realtime buffer size: 16896
2026-04-20 17:30:46.701 - RealTimeSTT: realtimestt - INFO - recording stopped
2026-04-20 17:30:46.703 - RealTimeSTT: realtimestt - DEBUG - No samples removed, final audio length: 35840
2026-04-20 17:30:46.703 - RealTimeSTT: realtimestt - INFO - State changed from 'recording' to 'inactive'
2026-04-20 17:30:46.703 - RealTimeSTT: realtimestt - INFO - State changed from 'inactive' to 'transcribing'
2026-04-20 17:30:48.870 - RealTimeSTT: realtimestt - DEBUG - Receive from realtime worker after transcription request to main model
2026-04-20 17:30:48.870 - RealTimeSTT: realtimestt - DEBUG - Realtime text detected with main model: Ah.
2026-04-20 17:30:48.870 - RealTimeSTT: realtimestt - DEBUG - Adding transcription request, no early transcription started
2026-04-20 17:30:48.871 - RealTimeSTT: realtimestt - DEBUG - Receive from parent_transcription_pipe after sendiung transcription request, transcribe_count: 1
2026-04-20 17:30:48.985 - RealTimeSTT: realtimestt - DEBUG - Receive from parent_transcription_pipe after sendiung transcription request, transcribe_count: 1
2026-04-20 17:30:49.096 - RealTimeSTT: realtimestt - DEBUG - Receive from parent_transcription_pipe after sendiung transcription request, transcribe_count: 1
2026-04-20 17:30:49.204 - RealTimeSTT: realtimestt - DEBUG - Receive from parent_transcription_pipe after sendiung transcription request, transcribe_count: 1
2026-04-20 17:30:49.310 - RealTimeSTT: realtimestt - DEBUG - Receive from parent_transcription_pipe after sendiung transcription request, transcribe_count: 1
2026-04-20 17:30:49.418 - RealTimeSTT: realtimestt - DEBUG - Receive from parent_transcription_pipe after sendiung transcription request, transcribe_count: 1
2026-04-20 17:30:49.525 - RealTimeSTT: realtimestt - DEBUG - Receive from parent_transcription_pipe after sendiung transcription request, transcribe_count: 1
2026-04-20 17:30:49.635 - RealTimeSTT: realtimestt - DEBUG - Receive from parent_transcription_pipe after sendiung transcription request, transcribe_count: 1
2026-04-20 17:30:49.744 - RealTimeSTT: realtimestt - DEBUG - Receive from parent_transcription_pipe after sendiung transcription request, transcribe_count: 1
2026-04-20 17:30:49.852 - RealTimeSTT: realtimestt - DEBUG - Receive from parent_transcription_pipe after sendiung transcription request, transcribe_count: 1
2026-04-20 17:30:49.962 - RealTimeSTT: realtimestt - DEBUG - Receive from parent_transcription_pipe after sendiung transcription request, transcribe_count: 1
2026-04-20 17:30:50.071 - RealTimeSTT: realtimestt - DEBUG - Receive from parent_transcription_pipe after sendiung transcription request, transcribe_count: 1
2026-04-20 17:30:50.179 - RealTimeSTT: realtimestt - DEBUG - Receive from parent_transcription_pipe after sendiung transcription request, transcribe_count: 1
2026-04-20 17:30:50.287 - RealTimeSTT: realtimestt - DEBUG - Receive from parent_transcription_pipe after sendiung transcription request, transcribe_count: 1
2026-04-20 17:30:50.395 - RealTimeSTT: realtimestt - DEBUG - Receive from parent_transcription_pipe after sendiung transcription request, transcribe_count: 1
2026-04-20 17:30:50.505 - RealTimeSTT: realtimestt - DEBUG - Receive from parent_transcription_pipe after sendiung transcription request, transcribe_count: 1
2026-04-20 17:30:50.614 - RealTimeSTT: realtimestt - DEBUG - Receive from parent_transcription_pipe after sendiung transcription request, transcribe_count: 1
2026-04-20 17:30:50.722 - RealTimeSTT: realtimestt - DEBUG - Receive from parent_transcription_pipe after sendiung transcription request, transcribe_count: 1
2026-04-20 17:30:50.833 - RealTimeSTT: realtimestt - DEBUG - Receive from parent_transcription_pipe after sendiung transcription request, transcribe_count: 1
2026-04-20 17:30:50.944 - RealTimeSTT: realtimestt - DEBUG - Receive from parent_transcription_pipe after sendiung transcription request, transcribe_count: 1
2026-04-20 17:30:51.052 - RealTimeSTT: realtimestt - DEBUG - Receive from parent_transcription_pipe after sendiung transcription request, transcribe_count: 1
2026-04-20 17:30:51.163 - RealTimeSTT: realtimestt - DEBUG - Receive from parent_transcription_pipe after sendiung transcription request, transcribe_count: 1
2026-04-20 17:30:51.274 - RealTimeSTT: realtimestt - DEBUG - Receive from parent_transcription_pipe after sendiung transcription request, transcribe_count: 1
2026-04-20 17:30:51.382 - RealTimeSTT: realtimestt - DEBUG - Receive from parent_transcription_pipe after sendiung transcription request, transcribe_count: 1
2026-04-20 17:30:51.490 - RealTimeSTT: realtimestt - DEBUG - Receive from parent_transcription_pipe after sendiung transcription request, transcribe_count: 1
2026-04-20 17:30:51.599 - RealTimeSTT: realtimestt - DEBUG - Receive from parent_transcription_pipe after sendiung transcription request, transcribe_count: 1
2026-04-20 17:30:51.707 - RealTimeSTT: realtimestt - DEBUG - Receive from parent_transcription_pipe after sendiung transcription request, transcribe_count: 1
2026-04-20 17:30:51.817 - RealTimeSTT: realtimestt - DEBUG - Receive from parent_transcription_pipe after sendiung transcription request, transcribe_count: 1
2026-04-20 17:30:51.924 - RealTimeSTT: realtimestt - DEBUG - Receive from parent_transcription_pipe after sendiung transcription request, transcribe_count: 1
2026-04-20 17:30:52.033 - RealTimeSTT: realtimestt - DEBUG - Receive from parent_transcription_pipe after sendiung transcription request, transcribe_count: 1
2026-04-20 17:30:52.143 - RealTimeSTT: realtimestt - DEBUG - Receive from parent_transcription_pipe after sendiung transcription request, transcribe_count: 1
2026-04-20 17:30:52.159 - RealTimeSTT: realtimestt - INFO - State changed from 'transcribing' to 'inactive'
2026-04-20 17:30:52.160 - RealTimeSTT: realtimestt - DEBUG - Model small completed transcription in 3.29 seconds
2026-04-20 17:30:52.161 - RealTimeSTT: realtimestt - INFO - Setting listen time
2026-04-20 17:30:52.162 - RealTimeSTT: realtimestt - INFO - State changed from 'inactive' to 'listening'
2026-04-20 17:30:52.162 - RealTimeSTT: realtimestt - DEBUG - Waiting for recording start
2026-04-20 17:30:53.939 - RealTimeSTT: realtimestt - INFO - voice activity detected
2026-04-20 17:30:53.939 - RealTimeSTT: realtimestt - INFO - recording started
2026-04-20 17:30:53.939 - RealTimeSTT: realtimestt - INFO - State changed from 'listening' to 'recording'
2026-04-20 17:30:53.939 - RealTimeSTT: realtimestt - DEBUG - Waiting for recording stop
2026-04-20 17:30:53.957 - RealTimeSTT: realtimestt - DEBUG - Current realtime buffer size: 16896
2026-04-20 17:30:53.965 - RealTimeSTT: realtimestt - DEBUG - Receive from realtime worker after transcription request to main model
2026-04-20 17:30:53.966 - RealTimeSTT: realtimestt - DEBUG - Realtime text detected with main model: 
2026-04-20 17:30:54.157 - RealTimeSTT: realtimestt - DEBUG - Current realtime buffer size: 19968
2026-04-20 17:30:54.166 - RealTimeSTT: realtimestt - DEBUG - Receive from realtime worker after transcription request to main model
2026-04-20 17:30:54.166 - RealTimeSTT: realtimestt - DEBUG - Realtime text detected with main model: 
2026-04-20 17:30:54.358 - RealTimeSTT: realtimestt - DEBUG - Current realtime buffer size: 23040
2026-04-20 17:30:55.541 - RealTimeSTT: realtimestt - INFO - recording stopped
2026-04-20 17:30:55.542 - RealTimeSTT: realtimestt - DEBUG - No samples removed, final audio length: 41984
2026-04-20 17:30:55.542 - RealTimeSTT: realtimestt - INFO - State changed from 'recording' to 'inactive'
2026-04-20 17:30:55.543 - RealTimeSTT: realtimestt - INFO - State changed from 'inactive' to 'transcribing'
2026-04-20 17:30:57.687 - RealTimeSTT: realtimestt - DEBUG - Receive from realtime worker after transcription request to main model
2026-04-20 17:30:57.688 - RealTimeSTT: realtimestt - DEBUG - Realtime text detected with main model: Ah.
2026-04-20 17:30:57.689 - RealTimeSTT: realtimestt - DEBUG - Adding transcription request, no early transcription started
2026-04-20 17:30:57.702 - RealTimeSTT: realtimestt - DEBUG - Receive from parent_transcription_pipe after sendiung transcription request, transcribe_count: 1
2026-04-20 17:30:57.804 - RealTimeSTT: realtimestt - DEBUG - Receive from parent_transcription_pipe after sendiung transcription request, transcribe_count: 1
2026-04-20 17:30:57.913 - RealTimeSTT: realtimestt - DEBUG - Receive from parent_transcription_pipe after sendiung transcription request, transcribe_count: 1
2026-04-20 17:30:58.021 - RealTimeSTT: realtimestt - DEBUG - Receive from parent_transcription_pipe after sendiung transcription request, transcribe_count: 1
2026-04-20 17:30:58.130 - RealTimeSTT: realtimestt - DEBUG - Receive from parent_transcription_pipe after sendiung transcription request, transcribe_count: 1
2026-04-20 17:30:58.241 - RealTimeSTT: realtimestt - DEBUG - Receive from parent_transcription_pipe after sendiung transcription request, transcribe_count: 1
2026-04-20 17:30:58.348 - RealTimeSTT: realtimestt - DEBUG - Receive from parent_transcription_pipe after sendiung transcription request, transcribe_count: 1
2026-04-20 17:30:58.459 - RealTimeSTT: realtimestt - DEBUG - Receive from parent_transcription_pipe after sendiung transcription request, transcribe_count: 1
2026-04-20 17:30:58.567 - RealTimeSTT: realtimestt - DEBUG - Receive from parent_transcription_pipe after sendiung transcription request, transcribe_count: 1
2026-04-20 17:30:58.680 - RealTimeSTT: realtimestt - DEBUG - Receive from parent_transcription_pipe after sendiung transcription request, transcribe_count: 1
2026-04-20 17:30:58.790 - RealTimeSTT: realtimestt - DEBUG - Receive from parent_transcription_pipe after sendiung transcription request, transcribe_count: 1
2026-04-20 17:30:58.899 - RealTimeSTT: realtimestt - DEBUG - Receive from parent_transcription_pipe after sendiung transcription request, transcribe_count: 1
2026-04-20 17:30:59.008 - RealTimeSTT: realtimestt - DEBUG - Receive from parent_transcription_pipe after sendiung transcription request, transcribe_count: 1
2026-04-20 17:30:59.117 - RealTimeSTT: realtimestt - DEBUG - Receive from parent_transcription_pipe after sendiung transcription request, transcribe_count: 1
2026-04-20 17:30:59.227 - RealTimeSTT: realtimestt - DEBUG - Receive from parent_transcription_pipe after sendiung transcription request, transcribe_count: 1
2026-04-20 17:30:59.335 - RealTimeSTT: realtimestt - DEBUG - Receive from parent_transcription_pipe after sendiung transcription request, transcribe_count: 1
2026-04-20 17:30:59.443 - RealTimeSTT: realtimestt - DEBUG - Receive from parent_transcription_pipe after sendiung transcription request, transcribe_count: 1
2026-04-20 17:30:59.553 - RealTimeSTT: realtimestt - DEBUG - Receive from parent_transcription_pipe after sendiung transcription request, transcribe_count: 1
2026-04-20 17:30:59.662 - RealTimeSTT: realtimestt - DEBUG - Receive from parent_transcription_pipe after sendiung transcription request, transcribe_count: 1
2026-04-20 17:30:59.770 - RealTimeSTT: realtimestt - DEBUG - Receive from parent_transcription_pipe after sendiung transcription request, transcribe_count: 1
2026-04-20 17:30:59.879 - RealTimeSTT: realtimestt - DEBUG - Receive from parent_transcription_pipe after sendiung transcription request, transcribe_count: 1
2026-04-20 17:30:59.990 - RealTimeSTT: realtimestt - DEBUG - Receive from parent_transcription_pipe after sendiung transcription request, transcribe_count: 1
2026-04-20 17:31:00.099 - RealTimeSTT: realtimestt - DEBUG - Receive from parent_transcription_pipe after sendiung transcription request, transcribe_count: 1
2026-04-20 17:31:00.208 - RealTimeSTT: realtimestt - DEBUG - Receive from parent_transcription_pipe after sendiung transcription request, transcribe_count: 1
2026-04-20 17:31:00.317 - RealTimeSTT: realtimestt - DEBUG - Receive from parent_transcription_pipe after sendiung transcription request, transcribe_count: 1
2026-04-20 17:31:00.426 - RealTimeSTT: realtimestt - DEBUG - Receive from parent_transcription_pipe after sendiung transcription request, transcribe_count: 1
2026-04-20 17:31:00.537 - RealTimeSTT: realtimestt - DEBUG - Receive from parent_transcription_pipe after sendiung transcription request, transcribe_count: 1
2026-04-20 17:31:00.646 - RealTimeSTT: realtimestt - DEBUG - Receive from parent_transcription_pipe after sendiung transcription request, transcribe_count: 1
2026-04-20 17:31:00.755 - RealTimeSTT: realtimestt - DEBUG - Receive from parent_transcription_pipe after sendiung transcription request, transcribe_count: 1
2026-04-20 17:31:00.863 - RealTimeSTT: realtimestt - DEBUG - Receive from parent_transcription_pipe after sendiung transcription request, transcribe_count: 1
2026-04-20 17:31:00.972 - RealTimeSTT: realtimestt - DEBUG - Receive from parent_transcription_pipe after sendiung transcription request, transcribe_count: 1
2026-04-20 17:31:01.081 - RealTimeSTT: realtimestt - DEBUG - Receive from parent_transcription_pipe after sendiung transcription request, transcribe_count: 1
2026-04-20 17:31:01.190 - RealTimeSTT: realtimestt - DEBUG - Receive from parent_transcription_pipe after sendiung transcription request, transcribe_count: 1
2026-04-20 17:31:01.275 - RealTimeSTT: realtimestt - INFO - State changed from 'transcribing' to 'inactive'
2026-04-20 17:31:01.276 - RealTimeSTT: realtimestt - DEBUG - Model small completed transcription in 3.59 seconds
2026-04-20 17:31:01.277 - RealTimeSTT: realtimestt - INFO - Setting listen time
2026-04-20 17:31:01.278 - RealTimeSTT: realtimestt - INFO - State changed from 'inactive' to 'listening'
2026-04-20 17:31:01.278 - RealTimeSTT: realtimestt - DEBUG - Waiting for recording start
2026-04-20 17:31:03.729 - RealTimeSTT: realtimestt - INFO - voice activity detected
2026-04-20 17:31:03.729 - RealTimeSTT: realtimestt - INFO - recording started
2026-04-20 17:31:03.729 - RealTimeSTT: realtimestt - INFO - State changed from 'listening' to 'recording'
2026-04-20 17:31:03.729 - RealTimeSTT: realtimestt - DEBUG - Waiting for recording stop
2026-04-20 17:31:03.743 - RealTimeSTT: realtimestt - DEBUG - Current realtime buffer size: 16896
2026-04-20 17:31:05.262 - RealTimeSTT: realtimestt - INFO - recording stopped
2026-04-20 17:31:05.264 - RealTimeSTT: realtimestt - DEBUG - No samples removed, final audio length: 40960
2026-04-20 17:31:05.264 - RealTimeSTT: realtimestt - INFO - State changed from 'recording' to 'inactive'
2026-04-20 17:31:05.264 - RealTimeSTT: realtimestt - INFO - State changed from 'inactive' to 'transcribing'
2026-04-20 17:31:07.472 - RealTimeSTT: realtimestt - DEBUG - Receive from realtime worker after transcription request to main model
2026-04-20 17:31:07.472 - RealTimeSTT: realtimestt - DEBUG - Realtime text detected with main model: Befehle.
2026-04-20 17:31:07.473 - RealTimeSTT: realtimestt - DEBUG - Adding transcription request, no early transcription started
2026-04-20 17:31:07.475 - RealTimeSTT: realtimestt - DEBUG - Receive from parent_transcription_pipe after sendiung transcription request, transcribe_count: 1
2026-04-20 17:31:07.577 - RealTimeSTT: realtimestt - DEBUG - Receive from parent_transcription_pipe after sendiung transcription request, transcribe_count: 1
2026-04-20 17:31:07.687 - RealTimeSTT: realtimestt - DEBUG - Receive from parent_transcription_pipe after sendiung transcription request, transcribe_count: 1
2026-04-20 17:31:07.796 - RealTimeSTT: realtimestt - DEBUG - Receive from parent_transcription_pipe after sendiung transcription request, transcribe_count: 1
2026-04-20 17:31:07.907 - RealTimeSTT: realtimestt - DEBUG - Receive from parent_transcription_pipe after sendiung transcription request, transcribe_count: 1
2026-04-20 17:31:08.017 - RealTimeSTT: realtimestt - DEBUG - Receive from parent_transcription_pipe after sendiung transcription request, transcribe_count: 1
2026-04-20 17:31:08.126 - RealTimeSTT: realtimestt - DEBUG - Receive from parent_transcription_pipe after sendiung transcription request, transcribe_count: 1
2026-04-20 17:31:08.235 - RealTimeSTT: realtimestt - DEBUG - Receive from parent_transcription_pipe after sendiung transcription request, transcribe_count: 1
2026-04-20 17:31:08.344 - RealTimeSTT: realtimestt - DEBUG - Receive from parent_transcription_pipe after sendiung transcription request, transcribe_count: 1
2026-04-20 17:31:08.452 - RealTimeSTT: realtimestt - DEBUG - Receive from parent_transcription_pipe after sendiung transcription request, transcribe_count: 1
2026-04-20 17:31:08.563 - RealTimeSTT: realtimestt - DEBUG - Receive from parent_transcription_pipe after sendiung transcription request, transcribe_count: 1
2026-04-20 17:31:08.672 - RealTimeSTT: realtimestt - DEBUG - Receive from parent_transcription_pipe after sendiung transcription request, transcribe_count: 1
2026-04-20 17:31:08.780 - RealTimeSTT: realtimestt - DEBUG - Receive from parent_transcription_pipe after sendiung transcription request, transcribe_count: 1
2026-04-20 17:31:08.887 - RealTimeSTT: realtimestt - DEBUG - Receive from parent_transcription_pipe after sendiung transcription request, transcribe_count: 1
2026-04-20 17:31:08.994 - RealTimeSTT: realtimestt - DEBUG - Receive from parent_transcription_pipe after sendiung transcription request, transcribe_count: 1
2026-04-20 17:31:09.102 - RealTimeSTT: realtimestt - DEBUG - Receive from parent_transcription_pipe after sendiung transcription request, transcribe_count: 1
2026-04-20 17:31:09.211 - RealTimeSTT: realtimestt - DEBUG - Receive from parent_transcription_pipe after sendiung transcription request, transcribe_count: 1
2026-04-20 17:31:09.321 - RealTimeSTT: realtimestt - DEBUG - Receive from parent_transcription_pipe after sendiung transcription request, transcribe_count: 1
2026-04-20 17:31:09.431 - RealTimeSTT: realtimestt - DEBUG - Receive from parent_transcription_pipe after sendiung transcription request, transcribe_count: 1
2026-04-20 17:31:09.540 - RealTimeSTT: realtimestt - DEBUG - Receive from parent_transcription_pipe after sendiung transcription request, transcribe_count: 1
2026-04-20 17:31:09.648 - RealTimeSTT: realtimestt - DEBUG - Receive from parent_transcription_pipe after sendiung transcription request, transcribe_count: 1
2026-04-20 17:31:09.759 - RealTimeSTT: realtimestt - DEBUG - Receive from parent_transcription_pipe after sendiung transcription request, transcribe_count: 1
2026-04-20 17:31:09.866 - RealTimeSTT: realtimestt - DEBUG - Receive from parent_transcription_pipe after sendiung transcription request, transcribe_count: 1
2026-04-20 17:31:09.977 - RealTimeSTT: realtimestt - DEBUG - Receive from parent_transcription_pipe after sendiung transcription request, transcribe_count: 1
2026-04-20 17:31:10.086 - RealTimeSTT: realtimestt - DEBUG - Receive from parent_transcription_pipe after sendiung transcription request, transcribe_count: 1
2026-04-20 17:31:10.194 - RealTimeSTT: realtimestt - DEBUG - Receive from parent_transcription_pipe after sendiung transcription request, transcribe_count: 1
2026-04-20 17:31:10.303 - RealTimeSTT: realtimestt - DEBUG - Receive from parent_transcription_pipe after sendiung transcription request, transcribe_count: 1
2026-04-20 17:31:10.410 - RealTimeSTT: realtimestt - DEBUG - Receive from parent_transcription_pipe after sendiung transcription request, transcribe_count: 1
2026-04-20 17:31:10.518 - RealTimeSTT: realtimestt - DEBUG - Receive from parent_transcription_pipe after sendiung transcription request, transcribe_count: 1
2026-04-20 17:31:10.626 - RealTimeSTT: realtimestt - DEBUG - Receive from parent_transcription_pipe after sendiung transcription request, transcribe_count: 1
2026-04-20 17:31:10.735 - RealTimeSTT: realtimestt - DEBUG - Receive from parent_transcription_pipe after sendiung transcription request, transcribe_count: 1
2026-04-20 17:31:10.845 - RealTimeSTT: realtimestt - DEBUG - Receive from parent_transcription_pipe after sendiung transcription request, transcribe_count: 1
2026-04-20 17:31:10.956 - RealTimeSTT: realtimestt - DEBUG - Receive from parent_transcription_pipe after sendiung transcription request, transcribe_count: 1
2026-04-20 17:31:11.066 - RealTimeSTT: realtimestt - DEBUG - Receive from parent_transcription_pipe after sendiung transcription request, transcribe_count: 1
2026-04-20 17:31:11.173 - RealTimeSTT: realtimestt - DEBUG - Receive from parent_transcription_pipe after sendiung transcription request, transcribe_count: 1
2026-04-20 17:31:11.282 - RealTimeSTT: realtimestt - DEBUG - Receive from parent_transcription_pipe after sendiung transcription request, transcribe_count: 1
2026-04-20 17:31:11.321 - RealTimeSTT: realtimestt - INFO - State changed from 'transcribing' to 'inactive'
2026-04-20 17:31:11.322 - RealTimeSTT: realtimestt - DEBUG - Model small completed transcription in 3.85 seconds
2026-04-20 17:31:11.324 - RealTimeSTT: realtimestt - INFO - Setting listen time
2026-04-20 17:31:11.324 - RealTimeSTT: realtimestt - INFO - State changed from 'inactive' to 'listening'
2026-04-20 17:31:11.324 - RealTimeSTT: realtimestt - DEBUG - Waiting for recording start
2026-04-20 17:31:14.099 - RealTimeSTT: realtimestt - INFO - voice activity detected
2026-04-20 17:31:14.099 - RealTimeSTT: realtimestt - INFO - recording started
2026-04-20 17:31:14.099 - RealTimeSTT: realtimestt - INFO - State changed from 'listening' to 'recording'
2026-04-20 17:31:14.099 - RealTimeSTT: realtimestt - DEBUG - Waiting for recording stop
2026-04-20 17:31:14.105 - RealTimeSTT: realtimestt - DEBUG - Current realtime buffer size: 16896
2026-04-20 17:31:15.382 - RealTimeSTT: realtimestt - INFO - recording stopped
2026-04-20 17:31:15.384 - RealTimeSTT: realtimestt - DEBUG - No samples removed, final audio length: 36864
2026-04-20 17:31:15.384 - RealTimeSTT: realtimestt - INFO - State changed from 'recording' to 'inactive'
2026-04-20 17:31:15.384 - RealTimeSTT: realtimestt - INFO - State changed from 'inactive' to 'transcribing'
2026-04-20 17:31:17.447 - RealTimeSTT: realtimestt - DEBUG - Receive from realtime worker after transcription request to main model
2026-04-20 17:31:17.448 - RealTimeSTT: realtimestt - DEBUG - Realtime text detected with main model: Ah.
2026-04-20 17:31:17.448 - RealTimeSTT: realtimestt - DEBUG - Adding transcription request, no early transcription started
2026-04-20 17:31:17.463 - RealTimeSTT: realtimestt - DEBUG - Receive from parent_transcription_pipe after sendiung transcription request, transcribe_count: 1
2026-04-20 17:31:17.564 - RealTimeSTT: realtimestt - DEBUG - Receive from parent_transcription_pipe after sendiung transcription request, transcribe_count: 1
2026-04-20 17:31:17.675 - RealTimeSTT: realtimestt - DEBUG - Receive from parent_transcription_pipe after sendiung transcription request, transcribe_count: 1
2026-04-20 17:31:17.781 - RealTimeSTT: realtimestt - DEBUG - Receive from parent_transcription_pipe after sendiung transcription request, transcribe_count: 1
2026-04-20 17:31:17.891 - RealTimeSTT: realtimestt - DEBUG - Receive from parent_transcription_pipe after sendiung transcription request, transcribe_count: 1
2026-04-20 17:31:17.998 - RealTimeSTT: realtimestt - DEBUG - Receive from parent_transcription_pipe after sendiung transcription request, transcribe_count: 1
2026-04-20 17:31:18.108 - RealTimeSTT: realtimestt - DEBUG - Receive from parent_transcription_pipe after sendiung transcription request, transcribe_count: 1
2026-04-20 17:31:18.217 - RealTimeSTT: realtimestt - DEBUG - Receive from parent_transcription_pipe after sendiung transcription request, transcribe_count: 1
2026-04-20 17:31:18.327 - RealTimeSTT: realtimestt - DEBUG - Receive from parent_transcription_pipe after sendiung transcription request, transcribe_count: 1
2026-04-20 17:31:18.435 - RealTimeSTT: realtimestt - DEBUG - Receive from parent_transcription_pipe after sendiung transcription request, transcribe_count: 1
2026-04-20 17:31:18.544 - RealTimeSTT: realtimestt - DEBUG - Receive from parent_transcription_pipe after sendiung transcription request, transcribe_count: 1
2026-04-20 17:31:18.651 - RealTimeSTT: realtimestt - DEBUG - Receive from parent_transcription_pipe after sendiung transcription request, transcribe_count: 1
2026-04-20 17:31:18.759 - RealTimeSTT: realtimestt - DEBUG - Receive from parent_transcription_pipe after sendiung transcription request, transcribe_count: 1
2026-04-20 17:31:18.867 - RealTimeSTT: realtimestt - DEBUG - Receive from parent_transcription_pipe after sendiung transcription request, transcribe_count: 1
2026-04-20 17:31:18.976 - RealTimeSTT: realtimestt - DEBUG - Receive from parent_transcription_pipe after sendiung transcription request, transcribe_count: 1
2026-04-20 17:31:19.086 - RealTimeSTT: realtimestt - DEBUG - Receive from parent_transcription_pipe after sendiung transcription request, transcribe_count: 1
2026-04-20 17:31:19.196 - RealTimeSTT: realtimestt - DEBUG - Receive from parent_transcription_pipe after sendiung transcription request, transcribe_count: 1
2026-04-20 17:31:19.307 - RealTimeSTT: realtimestt - DEBUG - Receive from parent_transcription_pipe after sendiung transcription request, transcribe_count: 1
2026-04-20 17:31:19.415 - RealTimeSTT: realtimestt - DEBUG - Receive from parent_transcription_pipe after sendiung transcription request, transcribe_count: 1
2026-04-20 17:31:19.524 - RealTimeSTT: realtimestt - DEBUG - Receive from parent_transcription_pipe after sendiung transcription request, transcribe_count: 1
2026-04-20 17:31:19.633 - RealTimeSTT: realtimestt - DEBUG - Receive from parent_transcription_pipe after sendiung transcription request, transcribe_count: 1
2026-04-20 17:31:19.742 - RealTimeSTT: realtimestt - DEBUG - Receive from parent_transcription_pipe after sendiung transcription request, transcribe_count: 1
2026-04-20 17:31:19.850 - RealTimeSTT: realtimestt - DEBUG - Receive from parent_transcription_pipe after sendiung transcription request, transcribe_count: 1
2026-04-20 17:31:19.959 - RealTimeSTT: realtimestt - DEBUG - Receive from parent_transcription_pipe after sendiung transcription request, transcribe_count: 1
2026-04-20 17:31:20.067 - RealTimeSTT: realtimestt - DEBUG - Receive from parent_transcription_pipe after sendiung transcription request, transcribe_count: 1
2026-04-20 17:31:20.174 - RealTimeSTT: realtimestt - DEBUG - Receive from parent_transcription_pipe after sendiung transcription request, transcribe_count: 1
2026-04-20 17:31:20.282 - RealTimeSTT: realtimestt - DEBUG - Receive from parent_transcription_pipe after sendiung transcription request, transcribe_count: 1
2026-04-20 17:31:20.393 - RealTimeSTT: realtimestt - DEBUG - Receive from parent_transcription_pipe after sendiung transcription request, transcribe_count: 1
2026-04-20 17:31:20.503 - RealTimeSTT: realtimestt - DEBUG - Receive from parent_transcription_pipe after sendiung transcription request, transcribe_count: 1
2026-04-20 17:31:20.613 - RealTimeSTT: realtimestt - DEBUG - Receive from parent_transcription_pipe after sendiung transcription request, transcribe_count: 1
2026-04-20 17:31:20.723 - RealTimeSTT: realtimestt - DEBUG - Receive from parent_transcription_pipe after sendiung transcription request, transcribe_count: 1
2026-04-20 17:31:20.833 - RealTimeSTT: realtimestt - DEBUG - Receive from parent_transcription_pipe after sendiung transcription request, transcribe_count: 1
2026-04-20 17:31:20.941 - RealTimeSTT: realtimestt - DEBUG - Receive from parent_transcription_pipe after sendiung transcription request, transcribe_count: 1
2026-04-20 17:31:21.048 - RealTimeSTT: realtimestt - DEBUG - Receive from parent_transcription_pipe after sendiung transcription request, transcribe_count: 1
2026-04-20 17:31:21.155 - RealTimeSTT: realtimestt - DEBUG - Receive from parent_transcription_pipe after sendiung transcription request, transcribe_count: 1
2026-04-20 17:31:21.162 - RealTimeSTT: realtimestt - INFO - State changed from 'transcribing' to 'inactive'
2026-04-20 17:31:21.162 - RealTimeSTT: realtimestt - DEBUG - Model small completed transcription in 3.71 seconds
2026-04-20 17:31:21.164 - RealTimeSTT: realtimestt - INFO - Setting listen time
2026-04-20 17:31:21.164 - RealTimeSTT: realtimestt - INFO - State changed from 'inactive' to 'listening'
2026-04-20 17:31:21.164 - RealTimeSTT: realtimestt - DEBUG - Waiting for recording start
2026-04-20 17:31:23.568 - RealTimeSTT: realtimestt - INFO - voice activity detected
2026-04-20 17:31:23.569 - RealTimeSTT: realtimestt - INFO - recording started
2026-04-20 17:31:23.569 - RealTimeSTT: realtimestt - INFO - State changed from 'listening' to 'recording'
2026-04-20 17:31:23.569 - RealTimeSTT: realtimestt - DEBUG - Waiting for recording stop
2026-04-20 17:31:23.580 - RealTimeSTT: realtimestt - DEBUG - Current realtime buffer size: 16896
2026-04-20 17:31:23.603 - RealTimeSTT: realtimestt - DEBUG - Receive from realtime worker after transcription request to main model
2026-04-20 17:31:23.604 - RealTimeSTT: realtimestt - DEBUG - Realtime text detected with main model: 
2026-04-20 17:31:23.781 - RealTimeSTT: realtimestt - DEBUG - Current realtime buffer size: 19968
2026-04-20 17:31:23.801 - RealTimeSTT: realtimestt - DEBUG - Receive from realtime worker after transcription request to main model
2026-04-20 17:31:23.802 - RealTimeSTT: realtimestt - DEBUG - Realtime text detected with main model: 
2026-04-20 17:31:23.982 - RealTimeSTT: realtimestt - DEBUG - Current realtime buffer size: 23040
2026-04-20 17:31:25.492 - RealTimeSTT: realtimestt - INFO - recording stopped
2026-04-20 17:31:25.493 - RealTimeSTT: realtimestt - DEBUG - No samples removed, final audio length: 47104
2026-04-20 17:31:25.494 - RealTimeSTT: realtimestt - INFO - State changed from 'recording' to 'inactive'
2026-04-20 17:31:25.494 - RealTimeSTT: realtimestt - INFO - State changed from 'inactive' to 'transcribing'
2026-04-20 17:31:27.417 - RealTimeSTT: realtimestt - DEBUG - Receive from realtime worker after transcription request to main model
2026-04-20 17:31:27.418 - RealTimeSTT: realtimestt - DEBUG - Realtime text detected with main model: Ja, ein...
2026-04-20 17:31:27.418 - RealTimeSTT: realtimestt - DEBUG - Adding transcription request, no early transcription started
2026-04-20 17:31:27.424 - RealTimeSTT: realtimestt - DEBUG - Receive from parent_transcription_pipe after sendiung transcription request, transcribe_count: 1
2026-04-20 17:31:27.530 - RealTimeSTT: realtimestt - DEBUG - Receive from parent_transcription_pipe after sendiung transcription request, transcribe_count: 1
2026-04-20 17:31:27.640 - RealTimeSTT: realtimestt - DEBUG - Receive from parent_transcription_pipe after sendiung transcription request, transcribe_count: 1
2026-04-20 17:31:27.748 - RealTimeSTT: realtimestt - DEBUG - Receive from parent_transcription_pipe after sendiung transcription request, transcribe_count: 1
2026-04-20 17:31:27.856 - RealTimeSTT: realtimestt - DEBUG - Receive from parent_transcription_pipe after sendiung transcription request, transcribe_count: 1
2026-04-20 17:31:27.965 - RealTimeSTT: realtimestt - DEBUG - Receive from parent_transcription_pipe after sendiung transcription request, transcribe_count: 1
2026-04-20 17:31:28.076 - RealTimeSTT: realtimestt - DEBUG - Receive from parent_transcription_pipe after sendiung transcription request, transcribe_count: 1
2026-04-20 17:31:28.185 - RealTimeSTT: realtimestt - DEBUG - Receive from parent_transcription_pipe after sendiung transcription request, transcribe_count: 1
2026-04-20 17:31:28.292 - RealTimeSTT: realtimestt - DEBUG - Receive from parent_transcription_pipe after sendiung transcription request, transcribe_count: 1
2026-04-20 17:31:28.399 - RealTimeSTT: realtimestt - DEBUG - Receive from parent_transcription_pipe after sendiung transcription request, transcribe_count: 1
2026-04-20 17:31:28.508 - RealTimeSTT: realtimestt - DEBUG - Receive from parent_transcription_pipe after sendiung transcription request, transcribe_count: 1
2026-04-20 17:31:28.616 - RealTimeSTT: realtimestt - DEBUG - Receive from parent_transcription_pipe after sendiung transcription request, transcribe_count: 1
2026-04-20 17:31:28.725 - RealTimeSTT: realtimestt - DEBUG - Receive from parent_transcription_pipe after sendiung transcription request, transcribe_count: 1
2026-04-20 17:31:28.835 - RealTimeSTT: realtimestt - DEBUG - Receive from parent_transcription_pipe after sendiung transcription request, transcribe_count: 1
2026-04-20 17:31:28.944 - RealTimeSTT: realtimestt - DEBUG - Receive from parent_transcription_pipe after sendiung transcription request, transcribe_count: 1
2026-04-20 17:31:29.053 - RealTimeSTT: realtimestt - DEBUG - Receive from parent_transcription_pipe after sendiung transcription request, transcribe_count: 1
2026-04-20 17:31:29.162 - RealTimeSTT: realtimestt - DEBUG - Receive from parent_transcription_pipe after sendiung transcription request, transcribe_count: 1
2026-04-20 17:31:29.271 - RealTimeSTT: realtimestt - DEBUG - Receive from parent_transcription_pipe after sendiung transcription request, transcribe_count: 1
2026-04-20 17:31:29.380 - RealTimeSTT: realtimestt - DEBUG - Receive from parent_transcription_pipe after sendiung transcription request, transcribe_count: 1
2026-04-20 17:31:29.488 - RealTimeSTT: realtimestt - DEBUG - Receive from parent_transcription_pipe after sendiung transcription request, transcribe_count: 1
2026-04-20 17:31:29.598 - RealTimeSTT: realtimestt - DEBUG - Receive from parent_transcription_pipe after sendiung transcription request, transcribe_count: 1
2026-04-20 17:31:29.707 - RealTimeSTT: realtimestt - DEBUG - Receive from parent_transcription_pipe after sendiung transcription request, transcribe_count: 1
2026-04-20 17:31:29.818 - RealTimeSTT: realtimestt - DEBUG - Receive from parent_transcription_pipe after sendiung transcription request, transcribe_count: 1
2026-04-20 17:31:29.925 - RealTimeSTT: realtimestt - DEBUG - Receive from parent_transcription_pipe after sendiung transcription request, transcribe_count: 1
2026-04-20 17:31:30.035 - RealTimeSTT: realtimestt - DEBUG - Receive from parent_transcription_pipe after sendiung transcription request, transcribe_count: 1
2026-04-20 17:31:30.142 - RealTimeSTT: realtimestt - DEBUG - Receive from parent_transcription_pipe after sendiung transcription request, transcribe_count: 1
2026-04-20 17:31:30.251 - RealTimeSTT: realtimestt - DEBUG - Receive from parent_transcription_pipe after sendiung transcription request, transcribe_count: 1
2026-04-20 17:31:30.361 - RealTimeSTT: realtimestt - DEBUG - Receive from parent_transcription_pipe after sendiung transcription request, transcribe_count: 1
2026-04-20 17:31:30.471 - RealTimeSTT: realtimestt - DEBUG - Receive from parent_transcription_pipe after sendiung transcription request, transcribe_count: 1
2026-04-20 17:31:30.580 - RealTimeSTT: realtimestt - DEBUG - Receive from parent_transcription_pipe after sendiung transcription request, transcribe_count: 1
2026-04-20 17:31:30.689 - RealTimeSTT: realtimestt - DEBUG - Receive from parent_transcription_pipe after sendiung transcription request, transcribe_count: 1
2026-04-20 17:31:30.796 - RealTimeSTT: realtimestt - DEBUG - Receive from parent_transcription_pipe after sendiung transcription request, transcribe_count: 1
2026-04-20 17:31:30.904 - RealTimeSTT: realtimestt - DEBUG - Receive from parent_transcription_pipe after sendiung transcription request, transcribe_count: 1
2026-04-20 17:31:31.014 - RealTimeSTT: realtimestt - DEBUG - Receive from parent_transcription_pipe after sendiung transcription request, transcribe_count: 1
2026-04-20 17:31:31.122 - RealTimeSTT: realtimestt - DEBUG - Receive from parent_transcription_pipe after sendiung transcription request, transcribe_count: 1
2026-04-20 17:31:31.130 - RealTimeSTT: realtimestt - INFO - State changed from 'transcribing' to 'inactive'
2026-04-20 17:31:31.131 - RealTimeSTT: realtimestt - DEBUG - Model small completed transcription in 3.71 seconds
2026-04-20 17:31:31.132 - RealTimeSTT: realtimestt - INFO - Setting listen time
2026-04-20 17:31:31.132 - RealTimeSTT: realtimestt - INFO - State changed from 'inactive' to 'listening'
2026-04-20 17:31:31.132 - RealTimeSTT: realtimestt - DEBUG - Waiting for recording start
2026-04-20 17:31:35.918 - RealTimeSTT: realtimestt - INFO - voice activity detected
2026-04-20 17:31:35.919 - RealTimeSTT: realtimestt - INFO - recording started
2026-04-20 17:31:35.919 - RealTimeSTT: realtimestt - INFO - State changed from 'listening' to 'recording'
2026-04-20 17:31:35.919 - RealTimeSTT: realtimestt - DEBUG - Waiting for recording stop
2026-04-20 17:31:35.922 - RealTimeSTT: realtimestt - DEBUG - Current realtime buffer size: 16896
2026-04-20 17:31:37.144 - RealTimeSTT: realtimestt - INFO - recording stopped
2026-04-20 17:31:37.147 - RealTimeSTT: realtimestt - DEBUG - No samples removed, final audio length: 35840
2026-04-20 17:31:37.147 - RealTimeSTT: realtimestt - INFO - State changed from 'recording' to 'inactive'
2026-04-20 17:31:37.148 - RealTimeSTT: realtimestt - INFO - State changed from 'inactive' to 'transcribing'
2026-04-20 17:31:39.413 - RealTimeSTT: realtimestt - DEBUG - Receive from realtime worker after transcription request to main model
2026-04-20 17:31:39.413 - RealTimeSTT: realtimestt - DEBUG - Realtime text detected with main model: Befehle.
2026-04-20 17:31:39.413 - RealTimeSTT: realtimestt - DEBUG - Adding transcription request, no early transcription started
2026-04-20 17:31:39.424 - RealTimeSTT: realtimestt - DEBUG - Receive from parent_transcription_pipe after sendiung transcription request, transcribe_count: 1
2026-04-20 17:31:39.530 - RealTimeSTT: realtimestt - DEBUG - Receive from parent_transcription_pipe after sendiung transcription request, transcribe_count: 1
2026-04-20 17:31:39.639 - RealTimeSTT: realtimestt - DEBUG - Receive from parent_transcription_pipe after sendiung transcription request, transcribe_count: 1
2026-04-20 17:31:39.749 - RealTimeSTT: realtimestt - DEBUG - Receive from parent_transcription_pipe after sendiung transcription request, transcribe_count: 1
2026-04-20 17:31:39.859 - RealTimeSTT: realtimestt - DEBUG - Receive from parent_transcription_pipe after sendiung transcription request, transcribe_count: 1
2026-04-20 17:31:39.970 - RealTimeSTT: realtimestt - DEBUG - Receive from parent_transcription_pipe after sendiung transcription request, transcribe_count: 1
2026-04-20 17:31:40.079 - RealTimeSTT: realtimestt - DEBUG - Receive from parent_transcription_pipe after sendiung transcription request, transcribe_count: 1
2026-04-20 17:31:40.187 - RealTimeSTT: realtimestt - DEBUG - Receive from parent_transcription_pipe after sendiung transcription request, transcribe_count: 1
2026-04-20 17:31:40.295 - RealTimeSTT: realtimestt - DEBUG - Receive from parent_transcription_pipe after sendiung transcription request, transcribe_count: 1
2026-04-20 17:31:40.403 - RealTimeSTT: realtimestt - DEBUG - Receive from parent_transcription_pipe after sendiung transcription request, transcribe_count: 1
2026-04-20 17:31:40.509 - RealTimeSTT: realtimestt - DEBUG - Receive from parent_transcription_pipe after sendiung transcription request, transcribe_count: 1
2026-04-20 17:31:40.616 - RealTimeSTT: realtimestt - DEBUG - Receive from parent_transcription_pipe after sendiung transcription request, transcribe_count: 1
2026-04-20 17:31:40.726 - RealTimeSTT: realtimestt - DEBUG - Receive from parent_transcription_pipe after sendiung transcription request, transcribe_count: 1
2026-04-20 17:31:40.835 - RealTimeSTT: realtimestt - DEBUG - Receive from parent_transcription_pipe after sendiung transcription request, transcribe_count: 1
2026-04-20 17:31:40.942 - RealTimeSTT: realtimestt - DEBUG - Receive from parent_transcription_pipe after sendiung transcription request, transcribe_count: 1
2026-04-20 17:31:41.051 - RealTimeSTT: realtimestt - DEBUG - Receive from parent_transcription_pipe after sendiung transcription request, transcribe_count: 1
2026-04-20 17:31:41.159 - RealTimeSTT: realtimestt - DEBUG - Receive from parent_transcription_pipe after sendiung transcription request, transcribe_count: 1
2026-04-20 17:31:41.268 - RealTimeSTT: realtimestt - DEBUG - Receive from parent_transcription_pipe after sendiung transcription request, transcribe_count: 1
2026-04-20 17:31:41.377 - RealTimeSTT: realtimestt - DEBUG - Receive from parent_transcription_pipe after sendiung transcription request, transcribe_count: 1
2026-04-20 17:31:41.485 - RealTimeSTT: realtimestt - DEBUG - Receive from parent_transcription_pipe after sendiung transcription request, transcribe_count: 1
2026-04-20 17:31:41.595 - RealTimeSTT: realtimestt - DEBUG - Receive from parent_transcription_pipe after sendiung transcription request, transcribe_count: 1
2026-04-20 17:31:41.705 - RealTimeSTT: realtimestt - DEBUG - Receive from parent_transcription_pipe after sendiung transcription request, transcribe_count: 1
2026-04-20 17:31:41.813 - RealTimeSTT: realtimestt - DEBUG - Receive from parent_transcription_pipe after sendiung transcription request, transcribe_count: 1
2026-04-20 17:31:41.923 - RealTimeSTT: realtimestt - DEBUG - Receive from parent_transcription_pipe after sendiung transcription request, transcribe_count: 1
2026-04-20 17:31:42.030 - RealTimeSTT: realtimestt - DEBUG - Receive from parent_transcription_pipe after sendiung transcription request, transcribe_count: 1
2026-04-20 17:31:42.140 - RealTimeSTT: realtimestt - DEBUG - Receive from parent_transcription_pipe after sendiung transcription request, transcribe_count: 1
2026-04-20 17:31:42.250 - RealTimeSTT: realtimestt - DEBUG - Receive from parent_transcription_pipe after sendiung transcription request, transcribe_count: 1
2026-04-20 17:31:42.360 - RealTimeSTT: realtimestt - DEBUG - Receive from parent_transcription_pipe after sendiung transcription request, transcribe_count: 1
2026-04-20 17:31:42.470 - RealTimeSTT: realtimestt - DEBUG - Receive from parent_transcription_pipe after sendiung transcription request, transcribe_count: 1
2026-04-20 17:31:42.579 - RealTimeSTT: realtimestt - DEBUG - Receive from parent_transcription_pipe after sendiung transcription request, transcribe_count: 1
2026-04-20 17:31:42.687 - RealTimeSTT: realtimestt - DEBUG - Receive from parent_transcription_pipe after sendiung transcription request, transcribe_count: 1
2026-04-20 17:31:42.795 - RealTimeSTT: realtimestt - DEBUG - Receive from parent_transcription_pipe after sendiung transcription request, transcribe_count: 1
2026-04-20 17:31:42.838 - RealTimeSTT: realtimestt - INFO - State changed from 'transcribing' to 'inactive'
2026-04-20 17:31:42.839 - RealTimeSTT: realtimestt - DEBUG - Model small completed transcription in 3.43 seconds
2026-04-20 17:31:42.841 - RealTimeSTT: realtimestt - INFO - Setting listen time
2026-04-20 17:31:42.842 - RealTimeSTT: realtimestt - INFO - State changed from 'inactive' to 'listening'
2026-04-20 17:31:42.842 - RealTimeSTT: realtimestt - DEBUG - Waiting for recording start
2026-04-20 17:31:45.566 - RealTimeSTT: realtimestt - DEBUG - Receive from stdout pipe
2026-04-20 17:31:45.566 - RealTimeSTT: realtimestt - INFO - None
2026-04-20 17:31:45.581 - RealTimeSTT: realtimestt - DEBUG - No samples removed, final audio length: 0
2026-04-20 17:31:45.581 - RealTimeSTT: realtimestt - INFO - State changed from 'listening' to 'inactive'
2026-04-20 17:31:45.581 - RealTimeSTT: realtimestt - INFO - Setting listen time
2026-04-20 17:31:45.581 - RealTimeSTT: realtimestt - INFO - State changed from 'inactive' to 'listening'
2026-04-20 17:31:45.581 - RealTimeSTT: realtimestt - DEBUG - Waiting for recording start
2026-04-21 09:53:45.845 - RealTimeSTT: realtimestt - INFO - Starting RealTimeSTT
2026-04-21 09:53:45.896 - RealTimeSTT: realtimestt - INFO - Initializing audio recording (creating pyAudio input stream, sample rate: 16000 buffer size: 512
2026-04-21 09:53:45.952 - RealTimeSTT: realtimestt - INFO - Initializing WebRTC voice with Sensitivity 3
2026-04-21 09:53:45.952 - RealTimeSTT: realtimestt - DEBUG - WebRTC VAD voice activity detection engine initialized successfully
2026-04-21 09:53:46.756 - RealTimeSTT: realtimestt - DEBUG - Silero VAD voice activity detection engine initialized successfully
2026-04-21 09:53:46.759 - RealTimeSTT: realtimestt - DEBUG - Starting realtime worker
2026-04-21 09:53:46.759 - RealTimeSTT: realtimestt - DEBUG - Waiting for main transcription model to start
2026-04-21 09:53:56.835 - RealTimeSTT: realtimestt - DEBUG - Main transcription model ready
2026-04-21 09:53:56.837 - RealTimeSTT: realtimestt - DEBUG - RealtimeSTT initialization completed successfully
2026-04-21 09:53:57.059 - RealTimeSTT: realtimestt - INFO - Setting listen time
2026-04-21 09:53:57.059 - RealTimeSTT: realtimestt - INFO - State changed from 'inactive' to 'listening'
2026-04-21 09:53:57.060 - RealTimeSTT: realtimestt - DEBUG - Waiting for recording start
2026-04-21 09:54:00.989 - RealTimeSTT: realtimestt - INFO - voice activity detected
2026-04-21 09:54:00.990 - RealTimeSTT: realtimestt - INFO - recording started
2026-04-21 09:54:00.990 - RealTimeSTT: realtimestt - INFO - State changed from 'listening' to 'recording'
2026-04-21 09:54:00.990 - RealTimeSTT: realtimestt - DEBUG - Waiting for recording stop
2026-04-21 09:54:01.006 - RealTimeSTT: realtimestt - DEBUG - Current realtime buffer size: 16896
2026-04-21 09:54:01.579 - RealTimeSTT: realtimestt - DEBUG - Receive from realtime worker after transcription request to main model
2026-04-21 09:54:01.580 - RealTimeSTT: realtimestt - DEBUG - Realtime text detected with main model: Au...
2026-04-21 09:54:01.580 - RealTimeSTT: realtimestt - DEBUG - Current realtime buffer size: 26112
2026-04-21 09:54:02.158 - RealTimeSTT: realtimestt - INFO - recording stopped
2026-04-21 09:54:02.160 - RealTimeSTT: realtimestt - DEBUG - No samples removed, final audio length: 35328
2026-04-21 09:54:02.160 - RealTimeSTT: realtimestt - INFO - State changed from 'recording' to 'inactive'
2026-04-21 09:54:02.160 - RealTimeSTT: realtimestt - INFO - State changed from 'inactive' to 'transcribing'
2026-04-21 09:54:02.164 - RealTimeSTT: realtimestt - DEBUG - Receive from realtime worker after transcription request to main model
2026-04-21 09:54:02.165 - RealTimeSTT: realtimestt - DEBUG - Realtime text detected with main model: Außen.
2026-04-21 09:54:02.165 - RealTimeSTT: realtimestt - DEBUG - Adding transcription request, no early transcription started
2026-04-21 09:54:02.183 - RealTimeSTT: realtimestt - DEBUG - Receive from parent_transcription_pipe after sendiung transcription request, transcribe_count: 1
2026-04-21 09:54:02.289 - RealTimeSTT: realtimestt - DEBUG - Receive from parent_transcription_pipe after sendiung transcription request, transcribe_count: 1
2026-04-21 09:54:02.397 - RealTimeSTT: realtimestt - DEBUG - Receive from parent_transcription_pipe after sendiung transcription request, transcribe_count: 1
2026-04-21 09:54:02.507 - RealTimeSTT: realtimestt - DEBUG - Receive from parent_transcription_pipe after sendiung transcription request, transcribe_count: 1
2026-04-21 09:54:02.614 - RealTimeSTT: realtimestt - DEBUG - Receive from parent_transcription_pipe after sendiung transcription request, transcribe_count: 1
2026-04-21 09:54:02.723 - RealTimeSTT: realtimestt - DEBUG - Receive from parent_transcription_pipe after sendiung transcription request, transcribe_count: 1
2026-04-21 09:54:02.798 - RealTimeSTT: realtimestt - INFO - State changed from 'transcribing' to 'inactive'
2026-04-21 09:54:02.799 - RealTimeSTT: realtimestt - DEBUG - Model tiny completed transcription in 0.63 seconds
2026-04-21 09:54:02.800 - RealTimeSTT: realtimestt - INFO - Setting listen time
2026-04-21 09:54:02.800 - RealTimeSTT: realtimestt - INFO - State changed from 'inactive' to 'listening'
2026-04-21 09:54:02.800 - RealTimeSTT: realtimestt - DEBUG - Waiting for recording start
2026-04-21 09:54:06.094 - RealTimeSTT: realtimestt - DEBUG - No samples removed, final audio length: 0
2026-04-21 09:54:06.094 - RealTimeSTT: realtimestt - INFO - State changed from 'listening' to 'inactive'
2026-04-21 09:54:06.094 - RealTimeSTT: realtimestt - INFO - Setting listen time
2026-04-21 09:54:06.094 - RealTimeSTT: realtimestt - INFO - State changed from 'inactive' to 'listening'
2026-04-21 09:54:06.094 - RealTimeSTT: realtimestt - DEBUG - Waiting for recording start
2026-04-21 09:54:06.124 - RealTimeSTT: realtimestt - DEBUG - No samples removed, final audio length: 0
2026-04-21 09:54:06.124 - RealTimeSTT: realtimestt - INFO - State changed from 'listening' to 'inactive'
2026-04-21 09:54:06.125 - RealTimeSTT: realtimestt - INFO - Setting listen time
2026-04-21 09:54:06.125 - RealTimeSTT: realtimestt - INFO - State changed from 'inactive' to 'listening'
2026-04-21 09:54:06.125 - RealTimeSTT: realtimestt - DEBUG - Waiting for recording start
2026-04-21 09:57:16.005 - RealTimeSTT: realtimestt - INFO - Starting RealTimeSTT
2026-04-21 09:57:16.055 - RealTimeSTT: realtimestt - INFO - Initializing audio recording (creating pyAudio input stream, sample rate: 16000 buffer size: 512
2026-04-21 09:57:16.091 - RealTimeSTT: realtimestt - INFO - Initializing WebRTC voice with Sensitivity 3
2026-04-21 09:57:16.091 - RealTimeSTT: realtimestt - DEBUG - WebRTC VAD voice activity detection engine initialized successfully
2026-04-21 09:57:16.559 - RealTimeSTT: realtimestt - DEBUG - Silero VAD voice activity detection engine initialized successfully
2026-04-21 09:57:16.562 - RealTimeSTT: realtimestt - DEBUG - Starting realtime worker
2026-04-21 09:57:16.562 - RealTimeSTT: realtimestt - DEBUG - Waiting for main transcription model to start
2026-04-21 09:57:29.977 - RealTimeSTT: realtimestt - DEBUG - Main transcription model ready
2026-04-21 09:57:29.978 - RealTimeSTT: realtimestt - DEBUG - RealtimeSTT initialization completed successfully
2026-04-21 09:57:30.642 - RealTimeSTT: realtimestt - INFO - Setting listen time
2026-04-21 09:57:30.642 - RealTimeSTT: realtimestt - INFO - State changed from 'inactive' to 'listening'
2026-04-21 09:57:30.642 - RealTimeSTT: realtimestt - DEBUG - Waiting for recording start
2026-04-21 09:57:34.891 - RealTimeSTT: realtimestt - INFO - voice activity detected
2026-04-21 09:57:34.891 - RealTimeSTT: realtimestt - INFO - recording started
2026-04-21 09:57:34.891 - RealTimeSTT: realtimestt - INFO - State changed from 'listening' to 'recording'
2026-04-21 09:57:34.892 - RealTimeSTT: realtimestt - DEBUG - Waiting for recording stop
2026-04-21 09:57:34.898 - RealTimeSTT: realtimestt - DEBUG - Current realtime buffer size: 16384
2026-04-21 09:57:36.244 - RealTimeSTT: realtimestt - INFO - recording stopped
2026-04-21 09:57:36.246 - RealTimeSTT: realtimestt - DEBUG - No samples removed, final audio length: 37888
2026-04-21 09:57:36.246 - RealTimeSTT: realtimestt - INFO - State changed from 'recording' to 'inactive'
2026-04-21 09:57:36.247 - RealTimeSTT: realtimestt - INFO - State changed from 'inactive' to 'transcribing'
2026-04-21 09:57:38.383 - RealTimeSTT: realtimestt - DEBUG - Receive from realtime worker after transcription request to main model
2026-04-21 09:57:38.384 - RealTimeSTT: realtimestt - DEBUG - Realtime text detected with main model: Außen.
2026-04-21 09:57:38.384 - RealTimeSTT: realtimestt - DEBUG - Adding transcription request, no early transcription started
2026-04-21 09:57:38.385 - RealTimeSTT: realtimestt - DEBUG - Receive from parent_transcription_pipe after sendiung transcription request, transcribe_count: 1
2026-04-21 09:57:38.490 - RealTimeSTT: realtimestt - DEBUG - Receive from parent_transcription_pipe after sendiung transcription request, transcribe_count: 1
2026-04-21 09:57:38.598 - RealTimeSTT: realtimestt - DEBUG - Receive from parent_transcription_pipe after sendiung transcription request, transcribe_count: 1
2026-04-21 09:57:38.706 - RealTimeSTT: realtimestt - DEBUG - Receive from parent_transcription_pipe after sendiung transcription request, transcribe_count: 1
2026-04-21 09:57:38.815 - RealTimeSTT: realtimestt - DEBUG - Receive from parent_transcription_pipe after sendiung transcription request, transcribe_count: 1
2026-04-21 09:57:38.925 - RealTimeSTT: realtimestt - DEBUG - Receive from parent_transcription_pipe after sendiung transcription request, transcribe_count: 1
2026-04-21 09:57:39.033 - RealTimeSTT: realtimestt - DEBUG - Receive from parent_transcription_pipe after sendiung transcription request, transcribe_count: 1
2026-04-21 09:57:39.142 - RealTimeSTT: realtimestt - DEBUG - Receive from parent_transcription_pipe after sendiung transcription request, transcribe_count: 1
2026-04-21 09:57:39.250 - RealTimeSTT: realtimestt - DEBUG - Receive from parent_transcription_pipe after sendiung transcription request, transcribe_count: 1
2026-04-21 09:57:39.360 - RealTimeSTT: realtimestt - DEBUG - Receive from parent_transcription_pipe after sendiung transcription request, transcribe_count: 1
2026-04-21 09:57:39.469 - RealTimeSTT: realtimestt - DEBUG - Receive from parent_transcription_pipe after sendiung transcription request, transcribe_count: 1
2026-04-21 09:57:39.580 - RealTimeSTT: realtimestt - DEBUG - Receive from parent_transcription_pipe after sendiung transcription request, transcribe_count: 1
2026-04-21 09:57:39.690 - RealTimeSTT: realtimestt - DEBUG - Receive from parent_transcription_pipe after sendiung transcription request, transcribe_count: 1
2026-04-21 09:57:39.798 - RealTimeSTT: realtimestt - DEBUG - Receive from parent_transcription_pipe after sendiung transcription request, transcribe_count: 1
2026-04-21 09:57:39.906 - RealTimeSTT: realtimestt - DEBUG - Receive from parent_transcription_pipe after sendiung transcription request, transcribe_count: 1
2026-04-21 09:57:40.014 - RealTimeSTT: realtimestt - DEBUG - Receive from parent_transcription_pipe after sendiung transcription request, transcribe_count: 1
2026-04-21 09:57:40.125 - RealTimeSTT: realtimestt - DEBUG - Receive from parent_transcription_pipe after sendiung transcription request, transcribe_count: 1
2026-04-21 09:57:40.236 - RealTimeSTT: realtimestt - DEBUG - Receive from parent_transcription_pipe after sendiung transcription request, transcribe_count: 1
2026-04-21 09:57:40.345 - RealTimeSTT: realtimestt - DEBUG - Receive from parent_transcription_pipe after sendiung transcription request, transcribe_count: 1
2026-04-21 09:57:40.457 - RealTimeSTT: realtimestt - DEBUG - Receive from parent_transcription_pipe after sendiung transcription request, transcribe_count: 1
2026-04-21 09:57:40.567 - RealTimeSTT: realtimestt - DEBUG - Receive from parent_transcription_pipe after sendiung transcription request, transcribe_count: 1
2026-04-21 09:57:40.676 - RealTimeSTT: realtimestt - DEBUG - Receive from parent_transcription_pipe after sendiung transcription request, transcribe_count: 1
2026-04-21 09:57:40.784 - RealTimeSTT: realtimestt - DEBUG - Receive from parent_transcription_pipe after sendiung transcription request, transcribe_count: 1
2026-04-21 09:57:40.894 - RealTimeSTT: realtimestt - DEBUG - Receive from parent_transcription_pipe after sendiung transcription request, transcribe_count: 1
2026-04-21 09:57:41.004 - RealTimeSTT: realtimestt - DEBUG - Receive from parent_transcription_pipe after sendiung transcription request, transcribe_count: 1
2026-04-21 09:57:41.114 - RealTimeSTT: realtimestt - DEBUG - Receive from parent_transcription_pipe after sendiung transcription request, transcribe_count: 1
2026-04-21 09:57:41.226 - RealTimeSTT: realtimestt - DEBUG - Receive from parent_transcription_pipe after sendiung transcription request, transcribe_count: 1
2026-04-21 09:57:41.336 - RealTimeSTT: realtimestt - DEBUG - Receive from parent_transcription_pipe after sendiung transcription request, transcribe_count: 1
2026-04-21 09:57:41.445 - RealTimeSTT: realtimestt - DEBUG - Receive from parent_transcription_pipe after sendiung transcription request, transcribe_count: 1
2026-04-21 09:57:41.554 - RealTimeSTT: realtimestt - DEBUG - Receive from parent_transcription_pipe after sendiung transcription request, transcribe_count: 1
2026-04-21 09:57:41.661 - RealTimeSTT: realtimestt - DEBUG - Receive from parent_transcription_pipe after sendiung transcription request, transcribe_count: 1
2026-04-21 09:57:41.770 - RealTimeSTT: realtimestt - DEBUG - Receive from parent_transcription_pipe after sendiung transcription request, transcribe_count: 1
2026-04-21 09:57:41.879 - RealTimeSTT: realtimestt - DEBUG - Receive from parent_transcription_pipe after sendiung transcription request, transcribe_count: 1
2026-04-21 09:57:41.907 - RealTimeSTT: realtimestt - INFO - State changed from 'transcribing' to 'inactive'
2026-04-21 09:57:41.908 - RealTimeSTT: realtimestt - DEBUG - Model small completed transcription in 3.52 seconds
2026-04-21 09:57:41.910 - RealTimeSTT: realtimestt - INFO - Setting listen time
2026-04-21 09:57:41.910 - RealTimeSTT: realtimestt - INFO - State changed from 'inactive' to 'listening'
2026-04-21 09:57:41.910 - RealTimeSTT: realtimestt - DEBUG - Waiting for recording start
2026-04-21 09:57:45.131 - RealTimeSTT: realtimestt - INFO - voice activity detected
2026-04-21 09:57:45.131 - RealTimeSTT: realtimestt - INFO - recording started
2026-04-21 09:57:45.131 - RealTimeSTT: realtimestt - INFO - State changed from 'listening' to 'recording'
2026-04-21 09:57:45.131 - RealTimeSTT: realtimestt - DEBUG - Waiting for recording stop
2026-04-21 09:57:45.141 - RealTimeSTT: realtimestt - DEBUG - Current realtime buffer size: 16896
2026-04-21 09:57:45.152 - RealTimeSTT: realtimestt - DEBUG - Receive from realtime worker after transcription request to main model
2026-04-21 09:57:45.152 - RealTimeSTT: realtimestt - DEBUG - Realtime text detected with main model: 
2026-04-21 09:57:45.341 - RealTimeSTT: realtimestt - DEBUG - Current realtime buffer size: 19968
2026-04-21 09:57:46.414 - RealTimeSTT: realtimestt - INFO - recording stopped
2026-04-21 09:57:46.416 - RealTimeSTT: realtimestt - DEBUG - No samples removed, final audio length: 36864
2026-04-21 09:57:46.416 - RealTimeSTT: realtimestt - INFO - State changed from 'recording' to 'inactive'
2026-04-21 09:57:46.417 - RealTimeSTT: realtimestt - INFO - State changed from 'inactive' to 'transcribing'
2026-04-21 09:57:48.877 - RealTimeSTT: realtimestt - DEBUG - Receive from realtime worker after transcription request to main model
2026-04-21 09:57:48.877 - RealTimeSTT: realtimestt - DEBUG - Realtime text detected with main model: Innen.
2026-04-21 09:57:48.878 - RealTimeSTT: realtimestt - DEBUG - Adding transcription request, no early transcription started
2026-04-21 09:57:48.879 - RealTimeSTT: realtimestt - DEBUG - Receive from parent_transcription_pipe after sendiung transcription request, transcribe_count: 1
2026-04-21 09:57:48.987 - RealTimeSTT: realtimestt - DEBUG - Receive from parent_transcription_pipe after sendiung transcription request, transcribe_count: 1
2026-04-21 09:57:49.096 - RealTimeSTT: realtimestt - DEBUG - Receive from parent_transcription_pipe after sendiung transcription request, transcribe_count: 1
2026-04-21 09:57:49.206 - RealTimeSTT: realtimestt - DEBUG - Receive from parent_transcription_pipe after sendiung transcription request, transcribe_count: 1
2026-04-21 09:57:49.317 - RealTimeSTT: realtimestt - DEBUG - Receive from parent_transcription_pipe after sendiung transcription request, transcribe_count: 1
2026-04-21 09:57:49.427 - RealTimeSTT: realtimestt - DEBUG - Receive from parent_transcription_pipe after sendiung transcription request, transcribe_count: 1
2026-04-21 09:57:49.536 - RealTimeSTT: realtimestt - DEBUG - Receive from parent_transcription_pipe after sendiung transcription request, transcribe_count: 1
2026-04-21 09:57:49.646 - RealTimeSTT: realtimestt - DEBUG - Receive from parent_transcription_pipe after sendiung transcription request, transcribe_count: 1
2026-04-21 09:57:49.754 - RealTimeSTT: realtimestt - DEBUG - Receive from parent_transcription_pipe after sendiung transcription request, transcribe_count: 1
2026-04-21 09:57:49.863 - RealTimeSTT: realtimestt - DEBUG - Receive from parent_transcription_pipe after sendiung transcription request, transcribe_count: 1
2026-04-21 09:57:49.972 - RealTimeSTT: realtimestt - DEBUG - Receive from parent_transcription_pipe after sendiung transcription request, transcribe_count: 1
2026-04-21 09:57:50.082 - RealTimeSTT: realtimestt - DEBUG - Receive from parent_transcription_pipe after sendiung transcription request, transcribe_count: 1
2026-04-21 09:57:50.192 - RealTimeSTT: realtimestt - DEBUG - Receive from parent_transcription_pipe after sendiung transcription request, transcribe_count: 1
2026-04-21 09:57:50.301 - RealTimeSTT: realtimestt - DEBUG - Receive from parent_transcription_pipe after sendiung transcription request, transcribe_count: 1
2026-04-21 09:57:50.410 - RealTimeSTT: realtimestt - DEBUG - Receive from parent_transcription_pipe after sendiung transcription request, transcribe_count: 1
2026-04-21 09:57:50.516 - RealTimeSTT: realtimestt - DEBUG - Receive from parent_transcription_pipe after sendiung transcription request, transcribe_count: 1
2026-04-21 09:57:50.626 - RealTimeSTT: realtimestt - DEBUG - Receive from parent_transcription_pipe after sendiung transcription request, transcribe_count: 1
2026-04-21 09:57:50.735 - RealTimeSTT: realtimestt - DEBUG - Receive from parent_transcription_pipe after sendiung transcription request, transcribe_count: 1
2026-04-21 09:57:50.844 - RealTimeSTT: realtimestt - DEBUG - Receive from parent_transcription_pipe after sendiung transcription request, transcribe_count: 1
2026-04-21 09:57:50.953 - RealTimeSTT: realtimestt - DEBUG - Receive from parent_transcription_pipe after sendiung transcription request, transcribe_count: 1
2026-04-21 09:57:51.062 - RealTimeSTT: realtimestt - DEBUG - Receive from parent_transcription_pipe after sendiung transcription request, transcribe_count: 1
2026-04-21 09:57:51.170 - RealTimeSTT: realtimestt - DEBUG - Receive from parent_transcription_pipe after sendiung transcription request, transcribe_count: 1
2026-04-21 09:57:51.278 - RealTimeSTT: realtimestt - DEBUG - Receive from parent_transcription_pipe after sendiung transcription request, transcribe_count: 1
2026-04-21 09:57:51.386 - RealTimeSTT: realtimestt - DEBUG - Receive from parent_transcription_pipe after sendiung transcription request, transcribe_count: 1
2026-04-21 09:57:51.495 - RealTimeSTT: realtimestt - DEBUG - Receive from parent_transcription_pipe after sendiung transcription request, transcribe_count: 1
2026-04-21 09:57:51.606 - RealTimeSTT: realtimestt - DEBUG - Receive from parent_transcription_pipe after sendiung transcription request, transcribe_count: 1
2026-04-21 09:57:51.717 - RealTimeSTT: realtimestt - DEBUG - Receive from parent_transcription_pipe after sendiung transcription request, transcribe_count: 1
2026-04-21 09:57:51.825 - RealTimeSTT: realtimestt - DEBUG - Receive from parent_transcription_pipe after sendiung transcription request, transcribe_count: 1
2026-04-21 09:57:51.935 - RealTimeSTT: realtimestt - DEBUG - Receive from parent_transcription_pipe after sendiung transcription request, transcribe_count: 1
2026-04-21 09:57:52.043 - RealTimeSTT: realtimestt - DEBUG - Receive from parent_transcription_pipe after sendiung transcription request, transcribe_count: 1
2026-04-21 09:57:52.152 - RealTimeSTT: realtimestt - DEBUG - Receive from parent_transcription_pipe after sendiung transcription request, transcribe_count: 1
2026-04-21 09:57:52.261 - RealTimeSTT: realtimestt - DEBUG - Receive from parent_transcription_pipe after sendiung transcription request, transcribe_count: 1
2026-04-21 09:57:52.322 - RealTimeSTT: realtimestt - INFO - State changed from 'transcribing' to 'inactive'
2026-04-21 09:57:52.323 - RealTimeSTT: realtimestt - DEBUG - Model small completed transcription in 3.45 seconds
2026-04-21 09:57:52.325 - RealTimeSTT: realtimestt - INFO - Setting listen time
2026-04-21 09:57:52.325 - RealTimeSTT: realtimestt - INFO - State changed from 'inactive' to 'listening'
2026-04-21 09:57:52.325 - RealTimeSTT: realtimestt - DEBUG - Waiting for recording start
2026-04-21 09:57:56.271 - RealTimeSTT: realtimestt - INFO - voice activity detected
2026-04-21 09:57:56.271 - RealTimeSTT: realtimestt - INFO - recording started
2026-04-21 09:57:56.271 - RealTimeSTT: realtimestt - INFO - State changed from 'listening' to 'recording'
2026-04-21 09:57:56.271 - RealTimeSTT: realtimestt - DEBUG - Waiting for recording stop
2026-04-21 09:57:56.279 - RealTimeSTT: realtimestt - DEBUG - Current realtime buffer size: 16896
2026-04-21 09:57:57.364 - RealTimeSTT: realtimestt - INFO - recording stopped
2026-04-21 09:57:57.366 - RealTimeSTT: realtimestt - DEBUG - No samples removed, final audio length: 33792
2026-04-21 09:57:57.366 - RealTimeSTT: realtimestt - INFO - State changed from 'recording' to 'inactive'
2026-04-21 09:57:57.367 - RealTimeSTT: realtimestt - INFO - State changed from 'inactive' to 'transcribing'
2026-04-21 09:57:59.708 - RealTimeSTT: realtimestt - DEBUG - Receive from realtime worker after transcription request to main model
2026-04-21 09:57:59.708 - RealTimeSTT: realtimestt - DEBUG - Realtime text detected with main model: Be...
2026-04-21 09:57:59.709 - RealTimeSTT: realtimestt - DEBUG - Adding transcription request, no early transcription started
2026-04-21 09:57:59.710 - RealTimeSTT: realtimestt - DEBUG - Receive from parent_transcription_pipe after sendiung transcription request, transcribe_count: 1
2026-04-21 09:57:59.811 - RealTimeSTT: realtimestt - DEBUG - Receive from parent_transcription_pipe after sendiung transcription request, transcribe_count: 1
2026-04-21 09:57:59.921 - RealTimeSTT: realtimestt - DEBUG - Receive from parent_transcription_pipe after sendiung transcription request, transcribe_count: 1
2026-04-21 09:58:00.030 - RealTimeSTT: realtimestt - DEBUG - Receive from parent_transcription_pipe after sendiung transcription request, transcribe_count: 1
2026-04-21 09:58:00.139 - RealTimeSTT: realtimestt - DEBUG - Receive from parent_transcription_pipe after sendiung transcription request, transcribe_count: 1
2026-04-21 09:58:00.246 - RealTimeSTT: realtimestt - DEBUG - Receive from parent_transcription_pipe after sendiung transcription request, transcribe_count: 1
2026-04-21 09:58:00.357 - RealTimeSTT: realtimestt - DEBUG - Receive from parent_transcription_pipe after sendiung transcription request, transcribe_count: 1
2026-04-21 09:58:00.466 - RealTimeSTT: realtimestt - DEBUG - Receive from parent_transcription_pipe after sendiung transcription request, transcribe_count: 1
2026-04-21 09:58:00.575 - RealTimeSTT: realtimestt - DEBUG - Receive from parent_transcription_pipe after sendiung transcription request, transcribe_count: 1
2026-04-21 09:58:00.685 - RealTimeSTT: realtimestt - DEBUG - Receive from parent_transcription_pipe after sendiung transcription request, transcribe_count: 1
2026-04-21 09:58:00.792 - RealTimeSTT: realtimestt - DEBUG - Receive from parent_transcription_pipe after sendiung transcription request, transcribe_count: 1
2026-04-21 09:58:00.901 - RealTimeSTT: realtimestt - DEBUG - Receive from parent_transcription_pipe after sendiung transcription request, transcribe_count: 1
2026-04-21 09:58:01.009 - RealTimeSTT: realtimestt - DEBUG - Receive from parent_transcription_pipe after sendiung transcription request, transcribe_count: 1
2026-04-21 09:58:01.120 - RealTimeSTT: realtimestt - DEBUG - Receive from parent_transcription_pipe after sendiung transcription request, transcribe_count: 1
2026-04-21 09:58:01.230 - RealTimeSTT: realtimestt - DEBUG - Receive from parent_transcription_pipe after sendiung transcription request, transcribe_count: 1
2026-04-21 09:58:01.340 - RealTimeSTT: realtimestt - DEBUG - Receive from parent_transcription_pipe after sendiung transcription request, transcribe_count: 1
2026-04-21 09:58:01.448 - RealTimeSTT: realtimestt - DEBUG - Receive from parent_transcription_pipe after sendiung transcription request, transcribe_count: 1
2026-04-21 09:58:01.556 - RealTimeSTT: realtimestt - DEBUG - Receive from parent_transcription_pipe after sendiung transcription request, transcribe_count: 1
2026-04-21 09:58:01.667 - RealTimeSTT: realtimestt - DEBUG - Receive from parent_transcription_pipe after sendiung transcription request, transcribe_count: 1
2026-04-21 09:58:01.776 - RealTimeSTT: realtimestt - DEBUG - Receive from parent_transcription_pipe after sendiung transcription request, transcribe_count: 1
2026-04-21 09:58:01.889 - RealTimeSTT: realtimestt - DEBUG - Receive from parent_transcription_pipe after sendiung transcription request, transcribe_count: 1
2026-04-21 09:58:01.999 - RealTimeSTT: realtimestt - DEBUG - Receive from parent_transcription_pipe after sendiung transcription request, transcribe_count: 1
2026-04-21 09:58:02.108 - RealTimeSTT: realtimestt - DEBUG - Receive from parent_transcription_pipe after sendiung transcription request, transcribe_count: 1
2026-04-21 09:58:02.217 - RealTimeSTT: realtimestt - DEBUG - Receive from parent_transcription_pipe after sendiung transcription request, transcribe_count: 1
2026-04-21 09:58:02.327 - RealTimeSTT: realtimestt - DEBUG - Receive from parent_transcription_pipe after sendiung transcription request, transcribe_count: 1
2026-04-21 09:58:02.438 - RealTimeSTT: realtimestt - DEBUG - Receive from parent_transcription_pipe after sendiung transcription request, transcribe_count: 1
2026-04-21 09:58:02.546 - RealTimeSTT: realtimestt - DEBUG - Receive from parent_transcription_pipe after sendiung transcription request, transcribe_count: 1
2026-04-21 09:58:02.657 - RealTimeSTT: realtimestt - DEBUG - Receive from parent_transcription_pipe after sendiung transcription request, transcribe_count: 1
2026-04-21 09:58:02.767 - RealTimeSTT: realtimestt - DEBUG - Receive from parent_transcription_pipe after sendiung transcription request, transcribe_count: 1
2026-04-21 09:58:02.876 - RealTimeSTT: realtimestt - DEBUG - Receive from parent_transcription_pipe after sendiung transcription request, transcribe_count: 1
2026-04-21 09:58:02.983 - RealTimeSTT: realtimestt - DEBUG - Receive from parent_transcription_pipe after sendiung transcription request, transcribe_count: 1
2026-04-21 09:58:03.092 - RealTimeSTT: realtimestt - DEBUG - Receive from parent_transcription_pipe after sendiung transcription request, transcribe_count: 1
2026-04-21 09:58:03.196 - RealTimeSTT: realtimestt - INFO - State changed from 'transcribing' to 'inactive'
2026-04-21 09:58:03.196 - RealTimeSTT: realtimestt - DEBUG - Model small completed transcription in 3.49 seconds
2026-04-21 09:58:03.198 - RealTimeSTT: realtimestt - INFO - Setting listen time
2026-04-21 09:58:03.198 - RealTimeSTT: realtimestt - INFO - State changed from 'inactive' to 'listening'
2026-04-21 09:58:03.198 - RealTimeSTT: realtimestt - DEBUG - Waiting for recording start
2026-04-21 09:58:34.951 - RealTimeSTT: realtimestt - INFO - Starting RealTimeSTT
2026-04-21 09:58:35.006 - RealTimeSTT: realtimestt - INFO - Initializing audio recording (creating pyAudio input stream, sample rate: 16000 buffer size: 512
2026-04-21 09:58:35.041 - RealTimeSTT: realtimestt - INFO - Initializing WebRTC voice with Sensitivity 3
2026-04-21 09:58:35.042 - RealTimeSTT: realtimestt - DEBUG - WebRTC VAD voice activity detection engine initialized successfully
2026-04-21 09:58:35.508 - RealTimeSTT: realtimestt - DEBUG - Silero VAD voice activity detection engine initialized successfully
2026-04-21 09:58:35.510 - RealTimeSTT: realtimestt - DEBUG - Starting realtime worker
2026-04-21 09:58:35.511 - RealTimeSTT: realtimestt - DEBUG - Waiting for main transcription model to start
2026-04-21 09:58:48.620 - RealTimeSTT: realtimestt - DEBUG - Main transcription model ready
2026-04-21 09:58:48.622 - RealTimeSTT: realtimestt - DEBUG - RealtimeSTT initialization completed successfully
2026-04-21 09:58:48.986 - RealTimeSTT: realtimestt - INFO - Setting listen time
2026-04-21 09:58:48.986 - RealTimeSTT: realtimestt - INFO - State changed from 'inactive' to 'listening'
2026-04-21 09:58:48.987 - RealTimeSTT: realtimestt - DEBUG - Waiting for recording start
2026-04-21 09:58:53.634 - RealTimeSTT: realtimestt - INFO - voice activity detected
2026-04-21 09:58:53.634 - RealTimeSTT: realtimestt - INFO - recording started
2026-04-21 09:58:53.634 - RealTimeSTT: realtimestt - INFO - State changed from 'listening' to 'recording'
2026-04-21 09:58:53.634 - RealTimeSTT: realtimestt - DEBUG - Waiting for recording stop
2026-04-21 09:58:53.646 - RealTimeSTT: realtimestt - DEBUG - Current realtime buffer size: 16896
2026-04-21 09:58:57.037 - RealTimeSTT: realtimestt - INFO - recording stopped
2026-04-21 09:58:57.040 - RealTimeSTT: realtimestt - DEBUG - No samples removed, final audio length: 70656
2026-04-21 09:58:57.040 - RealTimeSTT: realtimestt - INFO - State changed from 'recording' to 'inactive'
2026-04-21 09:58:57.041 - RealTimeSTT: realtimestt - INFO - State changed from 'inactive' to 'transcribing'
2026-04-21 09:58:57.253 - RealTimeSTT: realtimestt - DEBUG - Receive from realtime worker after transcription request to main model
2026-04-21 09:58:57.253 - RealTimeSTT: realtimestt - DEBUG - Realtime text detected with main model: Fuenf
2026-04-21 09:58:57.254 - RealTimeSTT: realtimestt - DEBUG - Adding transcription request, no early transcription started
2026-04-21 09:58:57.270 - RealTimeSTT: realtimestt - DEBUG - Receive from parent_transcription_pipe after sendiung transcription request, transcribe_count: 1
2026-04-21 09:58:57.372 - RealTimeSTT: realtimestt - DEBUG - Receive from parent_transcription_pipe after sendiung transcription request, transcribe_count: 1
2026-04-21 09:58:57.479 - RealTimeSTT: realtimestt - DEBUG - Receive from parent_transcription_pipe after sendiung transcription request, transcribe_count: 1
2026-04-21 09:58:57.591 - RealTimeSTT: realtimestt - DEBUG - Receive from parent_transcription_pipe after sendiung transcription request, transcribe_count: 1
2026-04-21 09:58:57.695 - RealTimeSTT: realtimestt - DEBUG - Receive from parent_transcription_pipe after sendiung transcription request, transcribe_count: 1
2026-04-21 09:58:57.804 - RealTimeSTT: realtimestt - DEBUG - Receive from parent_transcription_pipe after sendiung transcription request, transcribe_count: 1
2026-04-21 09:58:57.915 - RealTimeSTT: realtimestt - DEBUG - Receive from parent_transcription_pipe after sendiung transcription request, transcribe_count: 1
2026-04-21 09:58:58.025 - RealTimeSTT: realtimestt - DEBUG - Receive from parent_transcription_pipe after sendiung transcription request, transcribe_count: 1
2026-04-21 09:58:58.134 - RealTimeSTT: realtimestt - DEBUG - Receive from parent_transcription_pipe after sendiung transcription request, transcribe_count: 1
2026-04-21 09:58:58.242 - RealTimeSTT: realtimestt - DEBUG - Receive from parent_transcription_pipe after sendiung transcription request, transcribe_count: 1
2026-04-21 09:58:58.352 - RealTimeSTT: realtimestt - DEBUG - Receive from parent_transcription_pipe after sendiung transcription request, transcribe_count: 1
2026-04-21 09:58:58.462 - RealTimeSTT: realtimestt - DEBUG - Receive from parent_transcription_pipe after sendiung transcription request, transcribe_count: 1
2026-04-21 09:58:58.573 - RealTimeSTT: realtimestt - DEBUG - Receive from parent_transcription_pipe after sendiung transcription request, transcribe_count: 1
2026-04-21 09:58:58.680 - RealTimeSTT: realtimestt - DEBUG - Receive from parent_transcription_pipe after sendiung transcription request, transcribe_count: 1
2026-04-21 09:58:58.789 - RealTimeSTT: realtimestt - DEBUG - Receive from parent_transcription_pipe after sendiung transcription request, transcribe_count: 1
2026-04-21 09:58:58.898 - RealTimeSTT: realtimestt - DEBUG - Receive from parent_transcription_pipe after sendiung transcription request, transcribe_count: 1
2026-04-21 09:58:59.008 - RealTimeSTT: realtimestt - DEBUG - Receive from parent_transcription_pipe after sendiung transcription request, transcribe_count: 1
2026-04-21 09:58:59.118 - RealTimeSTT: realtimestt - DEBUG - Receive from parent_transcription_pipe after sendiung transcription request, transcribe_count: 1
2026-04-21 09:58:59.228 - RealTimeSTT: realtimestt - DEBUG - Receive from parent_transcription_pipe after sendiung transcription request, transcribe_count: 1
2026-04-21 09:58:59.339 - RealTimeSTT: realtimestt - DEBUG - Receive from parent_transcription_pipe after sendiung transcription request, transcribe_count: 1
2026-04-21 09:58:59.449 - RealTimeSTT: realtimestt - DEBUG - Receive from parent_transcription_pipe after sendiung transcription request, transcribe_count: 1
2026-04-21 09:58:59.559 - RealTimeSTT: realtimestt - DEBUG - Receive from parent_transcription_pipe after sendiung transcription request, transcribe_count: 1
2026-04-21 09:58:59.667 - RealTimeSTT: realtimestt - DEBUG - Receive from parent_transcription_pipe after sendiung transcription request, transcribe_count: 1
2026-04-21 09:58:59.777 - RealTimeSTT: realtimestt - DEBUG - Receive from parent_transcription_pipe after sendiung transcription request, transcribe_count: 1
2026-04-21 09:58:59.885 - RealTimeSTT: realtimestt - DEBUG - Receive from parent_transcription_pipe after sendiung transcription request, transcribe_count: 1
2026-04-21 09:58:59.994 - RealTimeSTT: realtimestt - DEBUG - Receive from parent_transcription_pipe after sendiung transcription request, transcribe_count: 1
2026-04-21 09:59:00.104 - RealTimeSTT: realtimestt - DEBUG - Receive from parent_transcription_pipe after sendiung transcription request, transcribe_count: 1
2026-04-21 09:59:00.215 - RealTimeSTT: realtimestt - DEBUG - Receive from parent_transcription_pipe after sendiung transcription request, transcribe_count: 1
2026-04-21 09:59:00.325 - RealTimeSTT: realtimestt - DEBUG - Receive from parent_transcription_pipe after sendiung transcription request, transcribe_count: 1
2026-04-21 09:59:00.433 - RealTimeSTT: realtimestt - DEBUG - Receive from parent_transcription_pipe after sendiung transcription request, transcribe_count: 1
2026-04-21 09:59:00.542 - RealTimeSTT: realtimestt - DEBUG - Receive from parent_transcription_pipe after sendiung transcription request, transcribe_count: 1
2026-04-21 09:59:00.652 - RealTimeSTT: realtimestt - DEBUG - Receive from parent_transcription_pipe after sendiung transcription request, transcribe_count: 1
2026-04-21 09:59:00.760 - RealTimeSTT: realtimestt - DEBUG - Receive from parent_transcription_pipe after sendiung transcription request, transcribe_count: 1
2026-04-21 09:59:00.872 - RealTimeSTT: realtimestt - DEBUG - Receive from parent_transcription_pipe after sendiung transcription request, transcribe_count: 1
2026-04-21 09:59:00.980 - RealTimeSTT: realtimestt - DEBUG - Receive from parent_transcription_pipe after sendiung transcription request, transcribe_count: 1
2026-04-21 09:59:01.090 - RealTimeSTT: realtimestt - DEBUG - Receive from parent_transcription_pipe after sendiung transcription request, transcribe_count: 1
2026-04-21 09:59:01.198 - RealTimeSTT: realtimestt - DEBUG - Receive from parent_transcription_pipe after sendiung transcription request, transcribe_count: 1
2026-04-21 09:59:01.308 - RealTimeSTT: realtimestt - DEBUG - Receive from parent_transcription_pipe after sendiung transcription request, transcribe_count: 1
2026-04-21 09:59:01.416 - RealTimeSTT: realtimestt - DEBUG - Receive from parent_transcription_pipe after sendiung transcription request, transcribe_count: 1
2026-04-21 09:59:01.423 - RealTimeSTT: realtimestt - INFO - State changed from 'transcribing' to 'inactive'
2026-04-21 09:59:01.425 - RealTimeSTT: realtimestt - DEBUG - Model small completed transcription in 4.17 seconds
2026-04-21 09:59:01.426 - RealTimeSTT: realtimestt - INFO - Setting listen time
2026-04-21 09:59:01.426 - RealTimeSTT: realtimestt - INFO - State changed from 'inactive' to 'listening'
2026-04-21 09:59:01.426 - RealTimeSTT: realtimestt - DEBUG - Waiting for recording start
2026-04-21 09:59:32.938 - RealTimeSTT: realtimestt - DEBUG - No samples removed, final audio length: 0
2026-04-21 09:59:32.938 - RealTimeSTT: realtimestt - INFO - State changed from 'listening' to 'inactive'
2026-04-21 09:59:32.938 - RealTimeSTT: realtimestt - INFO - Setting listen time
2026-04-21 09:59:32.938 - RealTimeSTT: realtimestt - INFO - State changed from 'inactive' to 'listening'
2026-04-21 09:59:32.938 - RealTimeSTT: realtimestt - DEBUG - Waiting for recording start
2026-04-22 16:10:43.740 - RealTimeSTT: realtimestt - INFO - Starting RealTimeSTT
2026-04-22 16:10:43.846 - RealTimeSTT: realtimestt - INFO - Initializing audio recording (creating pyAudio input stream, sample rate: 16000 buffer size: 512
2026-04-22 16:10:43.929 - RealTimeSTT: realtimestt - INFO - Initializing WebRTC voice with Sensitivity 3
2026-04-22 16:10:43.930 - RealTimeSTT: realtimestt - DEBUG - WebRTC VAD voice activity detection engine initialized successfully
2026-04-22 16:10:45.322 - RealTimeSTT: realtimestt - DEBUG - Silero VAD voice activity detection engine initialized successfully
2026-04-22 16:10:45.325 - RealTimeSTT: realtimestt - DEBUG - Starting realtime worker
2026-04-22 16:10:45.326 - RealTimeSTT: realtimestt - DEBUG - Waiting for main transcription model to start
2026-04-22 16:11:02.940 - RealTimeSTT: realtimestt - DEBUG - Main transcription model ready
2026-04-22 16:11:02.942 - RealTimeSTT: realtimestt - DEBUG - RealtimeSTT initialization completed successfully
2026-04-22 16:11:03.321 - RealTimeSTT: realtimestt - INFO - Setting listen time
2026-04-22 16:11:03.322 - RealTimeSTT: realtimestt - INFO - State changed from 'inactive' to 'listening'
2026-04-22 16:11:03.323 - RealTimeSTT: realtimestt - DEBUG - Waiting for recording start
2026-04-22 16:11:26.638 - RealTimeSTT: realtimestt - INFO - voice activity detected
2026-04-22 16:11:26.638 - RealTimeSTT: realtimestt - INFO - recording started
2026-04-22 16:11:26.639 - RealTimeSTT: realtimestt - INFO - State changed from 'listening' to 'recording'
2026-04-22 16:11:26.639 - RealTimeSTT: realtimestt - DEBUG - Waiting for recording stop
2026-04-22 16:11:26.650 - RealTimeSTT: realtimestt - DEBUG - Current realtime buffer size: 15872
2026-04-22 16:11:28.080 - RealTimeSTT: realtimestt - DEBUG - Receive from realtime worker after transcription request to main model
2026-04-22 16:11:28.081 - RealTimeSTT: realtimestt - DEBUG - Realtime text detected with main model: Neunzehn.
2026-04-22 16:11:28.083 - RealTimeSTT: realtimestt - DEBUG - Current realtime buffer size: 39424
2026-04-22 16:11:29.909 - RealTimeSTT: realtimestt - DEBUG - Receive from realtime worker after transcription request to main model
2026-04-22 16:11:29.910 - RealTimeSTT: realtimestt - DEBUG - Realtime text detected with main model: neunzehn, schaue, schaue, schaue.
2026-04-22 16:11:29.910 - RealTimeSTT: realtimestt - DEBUG - Current realtime buffer size: 68608
2026-04-22 16:11:31.663 - RealTimeSTT: realtimestt - DEBUG - Receive from realtime worker after transcription request to main model
2026-04-22 16:11:31.664 - RealTimeSTT: realtimestt - DEBUG - Realtime text detected with main model: Ne, ich schaue noch nicht mehr so, es kann weiß, wenn er so unabhängig ist.
2026-04-22 16:11:31.664 - RealTimeSTT: realtimestt - DEBUG - Current realtime buffer size: 96768
2026-04-22 16:11:32.274 - RealTimeSTT: realtimestt - INFO - recording stopped
2026-04-22 16:11:32.280 - RealTimeSTT: realtimestt - DEBUG - No samples removed, final audio length: 106496
2026-04-22 16:11:32.281 - RealTimeSTT: realtimestt - INFO - State changed from 'recording' to 'inactive'
2026-04-22 16:11:32.282 - RealTimeSTT: realtimestt - INFO - State changed from 'inactive' to 'transcribing'
2026-04-22 16:11:34.186 - RealTimeSTT: realtimestt - DEBUG - Receive from realtime worker after transcription request to main model
2026-04-22 16:11:34.187 - RealTimeSTT: realtimestt - DEBUG - Realtime text detected with main model: Befehle, schaublobs, neun, neun, zwanzig, zwanzig, zwanzig, zwanzig, zwanzig, zwanzig, zwanzig, zwanzig, zwanzig, zwanzig, zwanzig.
2026-04-22 16:11:34.188 - RealTimeSTT: realtimestt - DEBUG - Adding transcription request, no early transcription started
2026-04-22 16:11:34.192 - RealTimeSTT: realtimestt - DEBUG - Receive from parent_transcription_pipe after sendiung transcription request, transcribe_count: 1
2026-04-22 16:11:34.297 - RealTimeSTT: realtimestt - DEBUG - Receive from parent_transcription_pipe after sendiung transcription request, transcribe_count: 1
2026-04-22 16:11:34.407 - RealTimeSTT: realtimestt - DEBUG - Receive from parent_transcription_pipe after sendiung transcription request, transcribe_count: 1
2026-04-22 16:11:34.517 - RealTimeSTT: realtimestt - DEBUG - Receive from parent_transcription_pipe after sendiung transcription request, transcribe_count: 1
2026-04-22 16:11:34.625 - RealTimeSTT: realtimestt - DEBUG - Receive from parent_transcription_pipe after sendiung transcription request, transcribe_count: 1
2026-04-22 16:11:34.734 - RealTimeSTT: realtimestt - DEBUG - Receive from parent_transcription_pipe after sendiung transcription request, transcribe_count: 1
2026-04-22 16:11:34.845 - RealTimeSTT: realtimestt - DEBUG - Receive from parent_transcription_pipe after sendiung transcription request, transcribe_count: 1
2026-04-22 16:11:34.952 - RealTimeSTT: realtimestt - DEBUG - Receive from parent_transcription_pipe after sendiung transcription request, transcribe_count: 1
2026-04-22 16:11:35.062 - RealTimeSTT: realtimestt - DEBUG - Receive from parent_transcription_pipe after sendiung transcription request, transcribe_count: 1
2026-04-22 16:11:35.170 - RealTimeSTT: realtimestt - DEBUG - Receive from parent_transcription_pipe after sendiung transcription request, transcribe_count: 1
2026-04-22 16:11:35.280 - RealTimeSTT: realtimestt - DEBUG - Receive from parent_transcription_pipe after sendiung transcription request, transcribe_count: 1
2026-04-22 16:11:35.390 - RealTimeSTT: realtimestt - DEBUG - Receive from parent_transcription_pipe after sendiung transcription request, transcribe_count: 1
2026-04-22 16:11:35.499 - RealTimeSTT: realtimestt - DEBUG - Receive from parent_transcription_pipe after sendiung transcription request, transcribe_count: 1
2026-04-22 16:11:35.607 - RealTimeSTT: realtimestt - DEBUG - Receive from parent_transcription_pipe after sendiung transcription request, transcribe_count: 1
2026-04-22 16:11:35.716 - RealTimeSTT: realtimestt - DEBUG - Receive from parent_transcription_pipe after sendiung transcription request, transcribe_count: 1
2026-04-22 16:11:35.823 - RealTimeSTT: realtimestt - DEBUG - Receive from parent_transcription_pipe after sendiung transcription request, transcribe_count: 1
2026-04-22 16:11:35.932 - RealTimeSTT: realtimestt - DEBUG - Receive from parent_transcription_pipe after sendiung transcription request, transcribe_count: 1
2026-04-22 16:11:35.985 - RealTimeSTT: realtimestt - INFO - State changed from 'transcribing' to 'inactive'
2026-04-22 16:11:35.989 - RealTimeSTT: realtimestt - DEBUG - Model tiny completed transcription in 1.80 seconds
2026-04-22 16:11:35.991 - RealTimeSTT: realtimestt - INFO - Setting listen time
2026-04-22 16:11:35.992 - RealTimeSTT: realtimestt - INFO - State changed from 'inactive' to 'listening'
2026-04-22 16:11:35.992 - RealTimeSTT: realtimestt - DEBUG - Waiting for recording start
2026-04-22 16:11:36.489 - RealTimeSTT: realtimestt - INFO - voice activity detected
2026-04-22 16:11:36.489 - RealTimeSTT: realtimestt - INFO - recording started
2026-04-22 16:11:36.490 - RealTimeSTT: realtimestt - INFO - State changed from 'listening' to 'recording'
2026-04-22 16:11:36.490 - RealTimeSTT: realtimestt - DEBUG - Waiting for recording stop
2026-04-22 16:11:36.501 - RealTimeSTT: realtimestt - DEBUG - Current realtime buffer size: 15872
2026-04-22 16:11:37.699 - RealTimeSTT: realtimestt - DEBUG - Receive from realtime worker after transcription request to main model
2026-04-22 16:11:37.700 - RealTimeSTT: realtimestt - DEBUG - Realtime text detected with main model: Tüge, tüge, tüge.
2026-04-22 16:11:37.844 - RealTimeSTT: realtimestt - DEBUG - Current realtime buffer size: 37888
2026-04-22 16:11:38.489 - RealTimeSTT: realtimestt - INFO - recording stopped
2026-04-22 16:11:38.491 - RealTimeSTT: realtimestt - DEBUG - No samples removed, final audio length: 48640
2026-04-22 16:11:38.492 - RealTimeSTT: realtimestt - INFO - State changed from 'recording' to 'inactive'
2026-04-22 16:11:38.492 - RealTimeSTT: realtimestt - INFO - State changed from 'inactive' to 'transcribing'
2026-04-22 16:11:38.942 - RealTimeSTT: realtimestt - DEBUG - Receive from realtime worker after transcription request to main model
2026-04-22 16:11:38.943 - RealTimeSTT: realtimestt - DEBUG - Realtime text detected with main model: Test, test, test, test.
2026-04-22 16:11:38.943 - RealTimeSTT: realtimestt - DEBUG - Adding transcription request, no early transcription started
2026-04-22 16:11:38.945 - RealTimeSTT: realtimestt - DEBUG - Receive from parent_transcription_pipe after sendiung transcription request, transcribe_count: 1
2026-04-22 16:11:39.059 - RealTimeSTT: realtimestt - DEBUG - Receive from parent_transcription_pipe after sendiung transcription request, transcribe_count: 1
2026-04-22 16:11:39.167 - RealTimeSTT: realtimestt - DEBUG - Receive from parent_transcription_pipe after sendiung transcription request, transcribe_count: 1
2026-04-22 16:11:39.275 - RealTimeSTT: realtimestt - DEBUG - Receive from parent_transcription_pipe after sendiung transcription request, transcribe_count: 1
2026-04-22 16:11:39.381 - RealTimeSTT: realtimestt - DEBUG - Receive from parent_transcription_pipe after sendiung transcription request, transcribe_count: 1
2026-04-22 16:11:39.490 - RealTimeSTT: realtimestt - DEBUG - Receive from parent_transcription_pipe after sendiung transcription request, transcribe_count: 1
2026-04-22 16:11:39.597 - RealTimeSTT: realtimestt - DEBUG - Receive from parent_transcription_pipe after sendiung transcription request, transcribe_count: 1
2026-04-22 16:11:39.706 - RealTimeSTT: realtimestt - DEBUG - Receive from parent_transcription_pipe after sendiung transcription request, transcribe_count: 1
2026-04-22 16:11:39.813 - RealTimeSTT: realtimestt - DEBUG - Receive from parent_transcription_pipe after sendiung transcription request, transcribe_count: 1
2026-04-22 16:11:39.921 - RealTimeSTT: realtimestt - DEBUG - Receive from parent_transcription_pipe after sendiung transcription request, transcribe_count: 1
2026-04-22 16:11:40.030 - RealTimeSTT: realtimestt - DEBUG - Receive from parent_transcription_pipe after sendiung transcription request, transcribe_count: 1
2026-04-22 16:11:40.070 - RealTimeSTT: realtimestt - INFO - State changed from 'transcribing' to 'inactive'
2026-04-22 16:11:40.072 - RealTimeSTT: realtimestt - DEBUG - Model tiny completed transcription in 1.13 seconds
2026-04-22 16:11:40.074 - RealTimeSTT: realtimestt - INFO - Setting listen time
2026-04-22 16:11:40.074 - RealTimeSTT: realtimestt - INFO - State changed from 'inactive' to 'listening'
2026-04-22 16:11:40.075 - RealTimeSTT: realtimestt - DEBUG - Waiting for recording start
2026-04-22 16:11:40.269 - RealTimeSTT: realtimestt - INFO - voice activity detected
2026-04-22 16:11:40.269 - RealTimeSTT: realtimestt - INFO - recording started
2026-04-22 16:11:40.269 - RealTimeSTT: realtimestt - INFO - State changed from 'listening' to 'recording'
2026-04-22 16:11:40.270 - RealTimeSTT: realtimestt - DEBUG - Waiting for recording stop
2026-04-22 16:11:40.273 - RealTimeSTT: realtimestt - DEBUG - Current realtime buffer size: 15872
2026-04-22 16:11:41.185 - RealTimeSTT: realtimestt - DEBUG - Receive from realtime worker after transcription request to main model
2026-04-22 16:11:41.186 - RealTimeSTT: realtimestt - DEBUG - Realtime text detected with main model: Ja.
2026-04-22 16:11:41.186 - RealTimeSTT: realtimestt - DEBUG - Current realtime buffer size: 31232
2026-04-22 16:11:42.290 - RealTimeSTT: realtimestt - DEBUG - Receive from realtime worker after transcription request to main model
2026-04-22 16:11:42.291 - RealTimeSTT: realtimestt - DEBUG - Realtime text detected with main model: Ja, wenn man das bekallet läuft.
2026-04-22 16:11:42.291 - RealTimeSTT: realtimestt - DEBUG - Current realtime buffer size: 48640
2026-04-22 16:11:43.677 - RealTimeSTT: realtimestt - DEBUG - Receive from realtime worker after transcription request to main model
2026-04-22 16:11:43.678 - RealTimeSTT: realtimestt - DEBUG - Realtime text detected with main model: Ja, wenn man das lokal laufen lassen kann, das ist schon geil.
2026-04-22 16:11:43.679 - RealTimeSTT: realtimestt - DEBUG - Current realtime buffer size: 71168
2026-04-22 16:11:45.019 - RealTimeSTT: realtimestt - DEBUG - Receive from realtime worker after transcription request to main model
2026-04-22 16:11:45.021 - RealTimeSTT: realtimestt - DEBUG - Realtime text detected with main model: Ja, wenn man das lokal laufen lassen kann, das ist schon geil. Und wenn man so ein Homes...
2026-04-22 16:11:45.021 - RealTimeSTT: realtimestt - DEBUG - Current realtime buffer size: 92672
2026-04-22 16:11:45.842 - RealTimeSTT: realtimestt - INFO - recording stopped
2026-04-22 16:11:45.846 - RealTimeSTT: realtimestt - DEBUG - No samples removed, final audio length: 105472
2026-04-22 16:11:45.847 - RealTimeSTT: realtimestt - INFO - State changed from 'recording' to 'inactive'
2026-04-22 16:11:45.847 - RealTimeSTT: realtimestt - INFO - State changed from 'inactive' to 'transcribing'
2026-04-22 16:11:46.606 - RealTimeSTT: realtimestt - DEBUG - Receive from realtime worker after transcription request to main model
2026-04-22 16:11:46.606 - RealTimeSTT: realtimestt - DEBUG - Realtime text detected with main model: Ja, wenn man das lokal laufen lassen kann, das ist schon geil. Und wenn man so ein Homservats war, ist schon ein Schuss.
2026-04-22 16:11:46.607 - RealTimeSTT: realtimestt - DEBUG - Adding transcription request, no early transcription started
2026-04-22 16:11:46.609 - RealTimeSTT: realtimestt - DEBUG - Receive from parent_transcription_pipe after sendiung transcription request, transcribe_count: 1
2026-04-22 16:11:46.717 - RealTimeSTT: realtimestt - DEBUG - Receive from parent_transcription_pipe after sendiung transcription request, transcribe_count: 1
2026-04-22 16:11:46.823 - RealTimeSTT: realtimestt - DEBUG - Receive from parent_transcription_pipe after sendiung transcription request, transcribe_count: 1
2026-04-22 16:11:46.933 - RealTimeSTT: realtimestt - DEBUG - Receive from parent_transcription_pipe after sendiung transcription request, transcribe_count: 1
2026-04-22 16:11:47.041 - RealTimeSTT: realtimestt - DEBUG - Receive from parent_transcription_pipe after sendiung transcription request, transcribe_count: 1
2026-04-22 16:11:47.149 - RealTimeSTT: realtimestt - DEBUG - Receive from parent_transcription_pipe after sendiung transcription request, transcribe_count: 1
2026-04-22 16:11:47.257 - RealTimeSTT: realtimestt - DEBUG - Receive from parent_transcription_pipe after sendiung transcription request, transcribe_count: 1
2026-04-22 16:11:47.364 - RealTimeSTT: realtimestt - DEBUG - Receive from parent_transcription_pipe after sendiung transcription request, transcribe_count: 1
2026-04-22 16:11:47.474 - RealTimeSTT: realtimestt - DEBUG - Receive from parent_transcription_pipe after sendiung transcription request, transcribe_count: 1
2026-04-22 16:11:47.582 - RealTimeSTT: realtimestt - DEBUG - Receive from parent_transcription_pipe after sendiung transcription request, transcribe_count: 1
2026-04-22 16:11:47.690 - RealTimeSTT: realtimestt - DEBUG - Receive from parent_transcription_pipe after sendiung transcription request, transcribe_count: 1
2026-04-22 16:11:47.798 - RealTimeSTT: realtimestt - DEBUG - Receive from parent_transcription_pipe after sendiung transcription request, transcribe_count: 1
2026-04-22 16:11:47.907 - RealTimeSTT: realtimestt - DEBUG - Receive from parent_transcription_pipe after sendiung transcription request, transcribe_count: 1
2026-04-22 16:11:48.017 - RealTimeSTT: realtimestt - DEBUG - Receive from parent_transcription_pipe after sendiung transcription request, transcribe_count: 1
2026-04-22 16:11:48.129 - RealTimeSTT: realtimestt - DEBUG - Receive from parent_transcription_pipe after sendiung transcription request, transcribe_count: 1
2026-04-22 16:11:48.175 - RealTimeSTT: realtimestt - INFO - State changed from 'transcribing' to 'inactive'
2026-04-22 16:11:48.179 - RealTimeSTT: realtimestt - DEBUG - Model tiny completed transcription in 1.57 seconds
2026-04-22 16:11:48.181 - RealTimeSTT: realtimestt - INFO - Setting listen time
2026-04-22 16:11:48.181 - RealTimeSTT: realtimestt - INFO - State changed from 'inactive' to 'listening'
2026-04-22 16:11:48.181 - RealTimeSTT: realtimestt - DEBUG - Waiting for recording start
2026-04-22 16:11:49.099 - RealTimeSTT: realtimestt - INFO - voice activity detected
2026-04-22 16:11:49.099 - RealTimeSTT: realtimestt - INFO - recording started
2026-04-22 16:11:49.100 - RealTimeSTT: realtimestt - INFO - State changed from 'listening' to 'recording'
2026-04-22 16:11:49.100 - RealTimeSTT: realtimestt - DEBUG - Waiting for recording stop
2026-04-22 16:11:49.117 - RealTimeSTT: realtimestt - DEBUG - Current realtime buffer size: 16896
2026-04-22 16:11:49.873 - RealTimeSTT: realtimestt - INFO - recording stopped
2026-04-22 16:11:49.874 - RealTimeSTT: realtimestt - DEBUG - No samples removed, final audio length: 28672
2026-04-22 16:11:49.875 - RealTimeSTT: realtimestt - INFO - State changed from 'recording' to 'inactive'
2026-04-22 16:11:49.875 - RealTimeSTT: realtimestt - INFO - State changed from 'inactive' to 'transcribing'
2026-04-22 16:11:50.066 - RealTimeSTT: realtimestt - DEBUG - Receive from realtime worker after transcription request to main model
2026-04-22 16:11:50.067 - RealTimeSTT: realtimestt - DEBUG - Realtime text detected with main model: Halt, halt.
2026-04-22 16:11:50.067 - RealTimeSTT: realtimestt - DEBUG - Adding transcription request, no early transcription started
2026-04-22 16:11:50.068 - RealTimeSTT: realtimestt - DEBUG - Receive from parent_transcription_pipe after sendiung transcription request, transcribe_count: 1
2026-04-22 16:11:50.178 - RealTimeSTT: realtimestt - DEBUG - Receive from parent_transcription_pipe after sendiung transcription request, transcribe_count: 1
2026-04-22 16:11:50.285 - RealTimeSTT: realtimestt - DEBUG - Receive from parent_transcription_pipe after sendiung transcription request, transcribe_count: 1
2026-04-22 16:11:50.393 - RealTimeSTT: realtimestt - DEBUG - Receive from parent_transcription_pipe after sendiung transcription request, transcribe_count: 1
2026-04-22 16:11:50.501 - RealTimeSTT: realtimestt - DEBUG - Receive from parent_transcription_pipe after sendiung transcription request, transcribe_count: 1
2026-04-22 16:11:50.609 - RealTimeSTT: realtimestt - DEBUG - Receive from parent_transcription_pipe after sendiung transcription request, transcribe_count: 1
2026-04-22 16:11:50.717 - RealTimeSTT: realtimestt - DEBUG - Receive from parent_transcription_pipe after sendiung transcription request, transcribe_count: 1
2026-04-22 16:11:50.824 - RealTimeSTT: realtimestt - DEBUG - Receive from parent_transcription_pipe after sendiung transcription request, transcribe_count: 1
2026-04-22 16:11:50.935 - RealTimeSTT: realtimestt - DEBUG - Receive from parent_transcription_pipe after sendiung transcription request, transcribe_count: 1
2026-04-22 16:11:50.995 - RealTimeSTT: realtimestt - INFO - State changed from 'transcribing' to 'inactive'
2026-04-22 16:11:50.997 - RealTimeSTT: realtimestt - DEBUG - Model tiny completed transcription in 0.93 seconds
2026-04-22 16:11:50.999 - RealTimeSTT: realtimestt - INFO - Setting listen time
2026-04-22 16:11:50.999 - RealTimeSTT: realtimestt - INFO - State changed from 'inactive' to 'listening'
2026-04-22 16:11:50.999 - RealTimeSTT: realtimestt - DEBUG - Waiting for recording start
2026-04-22 16:11:51.149 - RealTimeSTT: realtimestt - INFO - voice activity detected
2026-04-22 16:11:51.149 - RealTimeSTT: realtimestt - INFO - recording started
2026-04-22 16:11:51.150 - RealTimeSTT: realtimestt - INFO - State changed from 'listening' to 'recording'
2026-04-22 16:11:51.150 - RealTimeSTT: realtimestt - DEBUG - Waiting for recording stop
2026-04-22 16:11:51.152 - RealTimeSTT: realtimestt - DEBUG - Current realtime buffer size: 15872
2026-04-22 16:11:51.923 - RealTimeSTT: realtimestt - INFO - recording stopped
2026-04-22 16:11:51.925 - RealTimeSTT: realtimestt - DEBUG - No samples removed, final audio length: 28672
2026-04-22 16:11:51.925 - RealTimeSTT: realtimestt - INFO - State changed from 'recording' to 'inactive'
2026-04-22 16:11:51.926 - RealTimeSTT: realtimestt - INFO - State changed from 'inactive' to 'transcribing'
2026-04-22 16:11:52.099 - RealTimeSTT: realtimestt - DEBUG - Receive from realtime worker after transcription request to main model
2026-04-22 16:11:52.100 - RealTimeSTT: realtimestt - DEBUG - Realtime text detected with main model: Hallo, hallo.
2026-04-22 16:11:52.101 - RealTimeSTT: realtimestt - DEBUG - Adding transcription request, no early transcription started
2026-04-22 16:11:52.120 - RealTimeSTT: realtimestt - DEBUG - Receive from parent_transcription_pipe after sendiung transcription request, transcribe_count: 1
2026-04-22 16:11:52.224 - RealTimeSTT: realtimestt - DEBUG - Receive from parent_transcription_pipe after sendiung transcription request, transcribe_count: 1
2026-04-22 16:11:52.331 - RealTimeSTT: realtimestt - DEBUG - Receive from parent_transcription_pipe after sendiung transcription request, transcribe_count: 1
2026-04-22 16:11:52.441 - RealTimeSTT: realtimestt - DEBUG - Receive from parent_transcription_pipe after sendiung transcription request, transcribe_count: 1
2026-04-22 16:11:52.551 - RealTimeSTT: realtimestt - DEBUG - Receive from parent_transcription_pipe after sendiung transcription request, transcribe_count: 1
2026-04-22 16:11:52.658 - RealTimeSTT: realtimestt - DEBUG - Receive from parent_transcription_pipe after sendiung transcription request, transcribe_count: 1
2026-04-22 16:11:52.765 - RealTimeSTT: realtimestt - DEBUG - Receive from parent_transcription_pipe after sendiung transcription request, transcribe_count: 1
2026-04-22 16:11:52.873 - RealTimeSTT: realtimestt - DEBUG - Receive from parent_transcription_pipe after sendiung transcription request, transcribe_count: 1
2026-04-22 16:11:52.981 - RealTimeSTT: realtimestt - DEBUG - Receive from parent_transcription_pipe after sendiung transcription request, transcribe_count: 1
2026-04-22 16:11:53.084 - RealTimeSTT: realtimestt - INFO - State changed from 'transcribing' to 'inactive'
2026-04-22 16:11:53.085 - RealTimeSTT: realtimestt - DEBUG - Model tiny completed transcription in 0.98 seconds
2026-04-22 16:11:53.087 - RealTimeSTT: realtimestt - INFO - Setting listen time
2026-04-22 16:11:53.087 - RealTimeSTT: realtimestt - INFO - State changed from 'inactive' to 'listening'
2026-04-22 16:11:53.087 - RealTimeSTT: realtimestt - DEBUG - Waiting for recording start
2026-04-22 16:11:53.259 - RealTimeSTT: realtimestt - INFO - voice activity detected
2026-04-22 16:11:53.260 - RealTimeSTT: realtimestt - INFO - recording started
2026-04-22 16:11:53.260 - RealTimeSTT: realtimestt - INFO - State changed from 'listening' to 'recording'
2026-04-22 16:11:53.260 - RealTimeSTT: realtimestt - DEBUG - Waiting for recording stop
2026-04-22 16:11:53.269 - RealTimeSTT: realtimestt - DEBUG - Current realtime buffer size: 16896
2026-04-22 16:11:54.034 - RealTimeSTT: realtimestt - INFO - recording stopped
2026-04-22 16:11:54.035 - RealTimeSTT: realtimestt - DEBUG - No samples removed, final audio length: 28672
2026-04-22 16:11:54.036 - RealTimeSTT: realtimestt - INFO - State changed from 'recording' to 'inactive'
2026-04-22 16:11:54.036 - RealTimeSTT: realtimestt - INFO - State changed from 'inactive' to 'transcribing'
2026-04-22 16:11:54.241 - RealTimeSTT: realtimestt - DEBUG - Receive from realtime worker after transcription request to main model
2026-04-22 16:11:54.242 - RealTimeSTT: realtimestt - DEBUG - Realtime text detected with main model: Komm aus, klare.
2026-04-22 16:11:54.242 - RealTimeSTT: realtimestt - DEBUG - Adding transcription request, no early transcription started
2026-04-22 16:11:54.258 - RealTimeSTT: realtimestt - DEBUG - Receive from parent_transcription_pipe after sendiung transcription request, transcribe_count: 1
2026-04-22 16:11:54.363 - RealTimeSTT: realtimestt - DEBUG - Receive from parent_transcription_pipe after sendiung transcription request, transcribe_count: 1
2026-04-22 16:11:54.472 - RealTimeSTT: realtimestt - DEBUG - Receive from parent_transcription_pipe after sendiung transcription request, transcribe_count: 1
2026-04-22 16:11:54.581 - RealTimeSTT: realtimestt - DEBUG - Receive from parent_transcription_pipe after sendiung transcription request, transcribe_count: 1
2026-04-22 16:11:54.691 - RealTimeSTT: realtimestt - DEBUG - Receive from parent_transcription_pipe after sendiung transcription request, transcribe_count: 1
2026-04-22 16:11:54.800 - RealTimeSTT: realtimestt - DEBUG - Receive from parent_transcription_pipe after sendiung transcription request, transcribe_count: 1
2026-04-22 16:11:54.909 - RealTimeSTT: realtimestt - DEBUG - Receive from parent_transcription_pipe after sendiung transcription request, transcribe_count: 1
2026-04-22 16:11:55.017 - RealTimeSTT: realtimestt - DEBUG - Receive from parent_transcription_pipe after sendiung transcription request, transcribe_count: 1
2026-04-22 16:11:55.126 - RealTimeSTT: realtimestt - DEBUG - Receive from parent_transcription_pipe after sendiung transcription request, transcribe_count: 1
2026-04-22 16:11:55.229 - RealTimeSTT: realtimestt - INFO - State changed from 'transcribing' to 'inactive'
2026-04-22 16:11:55.230 - RealTimeSTT: realtimestt - DEBUG - Model tiny completed transcription in 0.99 seconds
2026-04-22 16:11:55.232 - RealTimeSTT: realtimestt - INFO - Setting listen time
2026-04-22 16:11:55.232 - RealTimeSTT: realtimestt - INFO - State changed from 'inactive' to 'listening'
2026-04-22 16:11:55.232 - RealTimeSTT: realtimestt - DEBUG - Waiting for recording start
2026-04-22 16:11:56.009 - RealTimeSTT: realtimestt - INFO - voice activity detected
2026-04-22 16:11:56.010 - RealTimeSTT: realtimestt - INFO - recording started
2026-04-22 16:11:56.010 - RealTimeSTT: realtimestt - INFO - State changed from 'listening' to 'recording'
2026-04-22 16:11:56.010 - RealTimeSTT: realtimestt - DEBUG - Waiting for recording stop
2026-04-22 16:11:56.021 - RealTimeSTT: realtimestt - DEBUG - Current realtime buffer size: 16896
2026-04-22 16:11:56.048 - RealTimeSTT: realtimestt - DEBUG - Receive from realtime worker after transcription request to main model
2026-04-22 16:11:56.049 - RealTimeSTT: realtimestt - DEBUG - Realtime text detected with main model: 
2026-04-22 16:11:56.222 - RealTimeSTT: realtimestt - DEBUG - Current realtime buffer size: 19968
2026-04-22 16:11:56.243 - RealTimeSTT: realtimestt - DEBUG - Receive from realtime worker after transcription request to main model
2026-04-22 16:11:56.244 - RealTimeSTT: realtimestt - DEBUG - Realtime text detected with main model: 
2026-04-22 16:11:56.423 - RealTimeSTT: realtimestt - DEBUG - Current realtime buffer size: 23040
2026-04-22 16:11:56.455 - RealTimeSTT: realtimestt - DEBUG - Receive from realtime worker after transcription request to main model
2026-04-22 16:11:56.455 - RealTimeSTT: realtimestt - DEBUG - Realtime text detected with main model: 
2026-04-22 16:11:56.723 - RealTimeSTT: realtimestt - INFO - recording stopped
2026-04-22 16:11:56.724 - RealTimeSTT: realtimestt - DEBUG - No samples removed, final audio length: 27648
2026-04-22 16:11:56.725 - RealTimeSTT: realtimestt - INFO - State changed from 'recording' to 'inactive'
2026-04-22 16:11:56.725 - RealTimeSTT: realtimestt - INFO - State changed from 'inactive' to 'transcribing'
2026-04-22 16:11:56.725 - RealTimeSTT: realtimestt - DEBUG - Adding transcription request, no early transcription started
2026-04-22 16:11:56.727 - RealTimeSTT: realtimestt - DEBUG - Receive from parent_transcription_pipe after sendiung transcription request, transcribe_count: 1
2026-04-22 16:11:56.830 - RealTimeSTT: realtimestt - DEBUG - Receive from parent_transcription_pipe after sendiung transcription request, transcribe_count: 1
2026-04-22 16:11:56.938 - RealTimeSTT: realtimestt - DEBUG - Receive from parent_transcription_pipe after sendiung transcription request, transcribe_count: 1
2026-04-22 16:11:57.046 - RealTimeSTT: realtimestt - DEBUG - Receive from parent_transcription_pipe after sendiung transcription request, transcribe_count: 1
2026-04-22 16:11:57.155 - RealTimeSTT: realtimestt - DEBUG - Receive from parent_transcription_pipe after sendiung transcription request, transcribe_count: 1
2026-04-22 16:11:57.265 - RealTimeSTT: realtimestt - DEBUG - Receive from parent_transcription_pipe after sendiung transcription request, transcribe_count: 1
2026-04-22 16:11:57.376 - RealTimeSTT: realtimestt - DEBUG - Receive from parent_transcription_pipe after sendiung transcription request, transcribe_count: 1
2026-04-22 16:11:57.485 - RealTimeSTT: realtimestt - DEBUG - Receive from parent_transcription_pipe after sendiung transcription request, transcribe_count: 1
2026-04-22 16:11:57.592 - RealTimeSTT: realtimestt - DEBUG - Receive from parent_transcription_pipe after sendiung transcription request, transcribe_count: 1
2026-04-22 16:11:57.700 - RealTimeSTT: realtimestt - DEBUG - Receive from parent_transcription_pipe after sendiung transcription request, transcribe_count: 1
2026-04-22 16:11:57.810 - RealTimeSTT: realtimestt - DEBUG - Receive from parent_transcription_pipe after sendiung transcription request, transcribe_count: 1
2026-04-22 16:11:57.918 - RealTimeSTT: realtimestt - DEBUG - Receive from parent_transcription_pipe after sendiung transcription request, transcribe_count: 1
2026-04-22 16:11:58.027 - RealTimeSTT: realtimestt - DEBUG - Receive from parent_transcription_pipe after sendiung transcription request, transcribe_count: 1
2026-04-22 16:11:58.091 - RealTimeSTT: realtimestt - INFO - State changed from 'transcribing' to 'inactive'
2026-04-22 16:11:58.092 - RealTimeSTT: realtimestt - DEBUG - Model tiny completed transcription in 1.37 seconds
2026-04-22 16:11:58.095 - RealTimeSTT: realtimestt - INFO - Setting listen time
2026-04-22 16:11:58.095 - RealTimeSTT: realtimestt - INFO - State changed from 'inactive' to 'listening'
2026-04-22 16:11:58.095 - RealTimeSTT: realtimestt - DEBUG - Waiting for recording start
2026-04-22 16:12:24.941 - RealTimeSTT: realtimestt - INFO - voice activity detected
2026-04-22 16:12:24.942 - RealTimeSTT: realtimestt - INFO - recording started
2026-04-22 16:12:24.942 - RealTimeSTT: realtimestt - INFO - State changed from 'listening' to 'recording'
2026-04-22 16:12:24.942 - RealTimeSTT: realtimestt - DEBUG - Waiting for recording stop
2026-04-22 16:12:24.942 - RealTimeSTT: realtimestt - DEBUG - Current realtime buffer size: 0
2026-04-22 16:12:24.944 - RealTimeSTT: realtimestt - DEBUG - Receive from realtime worker after transcription request to main model
2026-04-22 16:12:24.945 - RealTimeSTT: realtimestt - ERROR - Realtime transcription error: Received None audio for transcription
2026-04-22 16:12:25.143 - RealTimeSTT: realtimestt - DEBUG - Current realtime buffer size: 19968
2026-04-22 16:12:25.857 - RealTimeSTT: realtimestt - INFO - recording stopped
2026-04-22 16:12:25.860 - RealTimeSTT: realtimestt - DEBUG - No samples removed, final audio length: 31232
2026-04-22 16:12:25.860 - RealTimeSTT: realtimestt - INFO - State changed from 'recording' to 'inactive'
2026-04-22 16:12:25.861 - RealTimeSTT: realtimestt - INFO - State changed from 'inactive' to 'transcribing'
2026-04-22 16:12:26.213 - RealTimeSTT: realtimestt - DEBUG - Receive from realtime worker after transcription request to main model
2026-04-22 16:12:26.214 - RealTimeSTT: realtimestt - DEBUG - Realtime text detected with main model: Haan,
2026-04-22 16:12:26.215 - RealTimeSTT: realtimestt - DEBUG - Adding transcription request, no early transcription started
2026-04-22 16:12:26.220 - RealTimeSTT: realtimestt - DEBUG - Receive from parent_transcription_pipe after sendiung transcription request, transcribe_count: 1
2026-04-22 16:12:26.323 - RealTimeSTT: realtimestt - DEBUG - Receive from parent_transcription_pipe after sendiung transcription request, transcribe_count: 1
2026-04-22 16:12:26.431 - RealTimeSTT: realtimestt - DEBUG - Receive from parent_transcription_pipe after sendiung transcription request, transcribe_count: 1
2026-04-22 16:12:26.539 - RealTimeSTT: realtimestt - DEBUG - Receive from parent_transcription_pipe after sendiung transcription request, transcribe_count: 1
2026-04-22 16:12:26.648 - RealTimeSTT: realtimestt - DEBUG - Receive from parent_transcription_pipe after sendiung transcription request, transcribe_count: 1
2026-04-22 16:12:26.757 - RealTimeSTT: realtimestt - DEBUG - Receive from parent_transcription_pipe after sendiung transcription request, transcribe_count: 1
2026-04-22 16:12:26.867 - RealTimeSTT: realtimestt - DEBUG - Receive from parent_transcription_pipe after sendiung transcription request, transcribe_count: 1
2026-04-22 16:12:26.978 - RealTimeSTT: realtimestt - DEBUG - Receive from parent_transcription_pipe after sendiung transcription request, transcribe_count: 1
2026-04-22 16:12:27.088 - RealTimeSTT: realtimestt - DEBUG - Receive from parent_transcription_pipe after sendiung transcription request, transcribe_count: 1
2026-04-22 16:12:27.198 - RealTimeSTT: realtimestt - DEBUG - Receive from parent_transcription_pipe after sendiung transcription request, transcribe_count: 1
2026-04-22 16:12:27.308 - RealTimeSTT: realtimestt - DEBUG - Receive from parent_transcription_pipe after sendiung transcription request, transcribe_count: 1
2026-04-22 16:12:27.313 - RealTimeSTT: realtimestt - INFO - State changed from 'transcribing' to 'inactive'
2026-04-22 16:12:27.315 - RealTimeSTT: realtimestt - DEBUG - Model tiny completed transcription in 1.10 seconds
2026-04-22 16:12:27.318 - RealTimeSTT: realtimestt - INFO - Setting listen time
2026-04-22 16:12:27.318 - RealTimeSTT: realtimestt - INFO - State changed from 'inactive' to 'listening'
2026-04-22 16:12:27.318 - RealTimeSTT: realtimestt - DEBUG - Waiting for recording start
2026-04-22 16:12:37.420 - RealTimeSTT: realtimestt - INFO - voice activity detected
2026-04-22 16:12:37.421 - RealTimeSTT: realtimestt - INFO - recording started
2026-04-22 16:12:37.421 - RealTimeSTT: realtimestt - INFO - State changed from 'listening' to 'recording'
2026-04-22 16:12:37.421 - RealTimeSTT: realtimestt - DEBUG - Waiting for recording stop
2026-04-22 16:12:37.438 - RealTimeSTT: realtimestt - DEBUG - Current realtime buffer size: 16896
2026-04-22 16:12:38.348 - RealTimeSTT: realtimestt - DEBUG - Receive from realtime worker after transcription request to main model
2026-04-22 16:12:38.349 - RealTimeSTT: realtimestt - DEBUG - Realtime text detected with main model: A3,
2026-04-22 16:12:38.513 - RealTimeSTT: realtimestt - INFO - recording stopped
2026-04-22 16:12:38.515 - RealTimeSTT: realtimestt - DEBUG - No samples removed, final audio length: 33792
2026-04-22 16:12:38.515 - RealTimeSTT: realtimestt - INFO - State changed from 'recording' to 'inactive'
2026-04-22 16:12:38.516 - RealTimeSTT: realtimestt - INFO - State changed from 'inactive' to 'transcribing'
2026-04-22 16:12:38.516 - RealTimeSTT: realtimestt - DEBUG - Adding transcription request, no early transcription started
2026-04-22 16:12:38.517 - RealTimeSTT: realtimestt - DEBUG - Receive from parent_transcription_pipe after sendiung transcription request, transcribe_count: 1
2026-04-22 16:12:38.630 - RealTimeSTT: realtimestt - DEBUG - Receive from parent_transcription_pipe after sendiung transcription request, transcribe_count: 1
2026-04-22 16:12:38.740 - RealTimeSTT: realtimestt - DEBUG - Receive from parent_transcription_pipe after sendiung transcription request, transcribe_count: 1
2026-04-22 16:12:38.848 - RealTimeSTT: realtimestt - DEBUG - Receive from parent_transcription_pipe after sendiung transcription request, transcribe_count: 1
2026-04-22 16:12:38.958 - RealTimeSTT: realtimestt - DEBUG - Receive from parent_transcription_pipe after sendiung transcription request, transcribe_count: 1
2026-04-22 16:12:39.067 - RealTimeSTT: realtimestt - DEBUG - Receive from parent_transcription_pipe after sendiung transcription request, transcribe_count: 1
2026-04-22 16:12:39.174 - RealTimeSTT: realtimestt - DEBUG - Receive from parent_transcription_pipe after sendiung transcription request, transcribe_count: 1
2026-04-22 16:12:39.284 - RealTimeSTT: realtimestt - DEBUG - Receive from parent_transcription_pipe after sendiung transcription request, transcribe_count: 1
2026-04-22 16:12:39.376 - RealTimeSTT: realtimestt - INFO - State changed from 'transcribing' to 'inactive'
2026-04-22 16:12:39.378 - RealTimeSTT: realtimestt - DEBUG - Model tiny completed transcription in 0.86 seconds
2026-04-22 16:12:39.381 - RealTimeSTT: realtimestt - INFO - Setting listen time
2026-04-22 16:12:39.381 - RealTimeSTT: realtimestt - INFO - State changed from 'inactive' to 'listening'
2026-04-22 16:12:39.381 - RealTimeSTT: realtimestt - DEBUG - Waiting for recording start
2026-04-22 16:12:47.401 - RealTimeSTT: realtimestt - INFO - voice activity detected
2026-04-22 16:12:47.401 - RealTimeSTT: realtimestt - INFO - recording started
2026-04-22 16:12:47.401 - RealTimeSTT: realtimestt - INFO - State changed from 'listening' to 'recording'
2026-04-22 16:12:47.401 - RealTimeSTT: realtimestt - DEBUG - Waiting for recording stop
2026-04-22 16:12:47.417 - RealTimeSTT: realtimestt - DEBUG - Current realtime buffer size: 16896
2026-04-22 16:12:48.341 - RealTimeSTT: realtimestt - DEBUG - Receive from realtime worker after transcription request to main model
2026-04-22 16:12:48.342 - RealTimeSTT: realtimestt - DEBUG - Realtime text detected with main model: Be,
2026-04-22 16:12:48.494 - RealTimeSTT: realtimestt - INFO - recording stopped
2026-04-22 16:12:48.497 - RealTimeSTT: realtimestt - DEBUG - No samples removed, final audio length: 33792
2026-04-22 16:12:48.497 - RealTimeSTT: realtimestt - INFO - State changed from 'recording' to 'inactive'
2026-04-22 16:12:48.498 - RealTimeSTT: realtimestt - INFO - State changed from 'inactive' to 'transcribing'
2026-04-22 16:12:48.498 - RealTimeSTT: realtimestt - DEBUG - Adding transcription request, no early transcription started
2026-04-22 16:12:48.516 - RealTimeSTT: realtimestt - DEBUG - Receive from parent_transcription_pipe after sendiung transcription request, transcribe_count: 1
2026-04-22 16:12:48.618 - RealTimeSTT: realtimestt - DEBUG - Receive from parent_transcription_pipe after sendiung transcription request, transcribe_count: 1
2026-04-22 16:12:48.726 - RealTimeSTT: realtimestt - DEBUG - Receive from parent_transcription_pipe after sendiung transcription request, transcribe_count: 1
2026-04-22 16:12:48.834 - RealTimeSTT: realtimestt - DEBUG - Receive from parent_transcription_pipe after sendiung transcription request, transcribe_count: 1
2026-04-22 16:12:48.943 - RealTimeSTT: realtimestt - DEBUG - Receive from parent_transcription_pipe after sendiung transcription request, transcribe_count: 1
2026-04-22 16:12:49.052 - RealTimeSTT: realtimestt - DEBUG - Receive from parent_transcription_pipe after sendiung transcription request, transcribe_count: 1
2026-04-22 16:12:49.159 - RealTimeSTT: realtimestt - DEBUG - Receive from parent_transcription_pipe after sendiung transcription request, transcribe_count: 1
2026-04-22 16:12:49.267 - RealTimeSTT: realtimestt - DEBUG - Receive from parent_transcription_pipe after sendiung transcription request, transcribe_count: 1
2026-04-22 16:12:49.377 - RealTimeSTT: realtimestt - DEBUG - Receive from parent_transcription_pipe after sendiung transcription request, transcribe_count: 1
2026-04-22 16:12:49.433 - RealTimeSTT: realtimestt - INFO - State changed from 'transcribing' to 'inactive'
2026-04-22 16:12:49.434 - RealTimeSTT: realtimestt - DEBUG - Model tiny completed transcription in 0.94 seconds
2026-04-22 16:12:49.436 - RealTimeSTT: realtimestt - INFO - Setting listen time
2026-04-22 16:12:49.437 - RealTimeSTT: realtimestt - INFO - State changed from 'inactive' to 'listening'
2026-04-22 16:12:49.437 - RealTimeSTT: realtimestt - DEBUG - Waiting for recording start
2026-04-22 16:12:57.521 - RealTimeSTT: realtimestt - INFO - voice activity detected
2026-04-22 16:12:57.521 - RealTimeSTT: realtimestt - INFO - recording started
2026-04-22 16:12:57.522 - RealTimeSTT: realtimestt - INFO - State changed from 'listening' to 'recording'
2026-04-22 16:12:57.522 - RealTimeSTT: realtimestt - DEBUG - Waiting for recording stop
2026-04-22 16:12:57.533 - RealTimeSTT: realtimestt - DEBUG - Current realtime buffer size: 16896
2026-04-22 16:12:58.392 - RealTimeSTT: realtimestt - DEBUG - Receive from realtime worker after transcription request to main model
2026-04-22 16:12:58.393 - RealTimeSTT: realtimestt - DEBUG - Realtime text detected with main model: Innen.
2026-04-22 16:12:58.393 - RealTimeSTT: realtimestt - DEBUG - Current realtime buffer size: 30208
2026-04-22 16:12:58.996 - RealTimeSTT: realtimestt - INFO - recording stopped
2026-04-22 16:12:58.999 - RealTimeSTT: realtimestt - DEBUG - No samples removed, final audio length: 39936
2026-04-22 16:12:59.000 - RealTimeSTT: realtimestt - INFO - State changed from 'recording' to 'inactive'
2026-04-22 16:12:59.000 - RealTimeSTT: realtimestt - INFO - State changed from 'inactive' to 'transcribing'
2026-04-22 16:12:59.336 - RealTimeSTT: realtimestt - DEBUG - Receive from realtime worker after transcription request to main model
2026-04-22 16:12:59.337 - RealTimeSTT: realtimestt - DEBUG - Realtime text detected with main model: Mitte, fünf,
2026-04-22 16:12:59.337 - RealTimeSTT: realtimestt - DEBUG - Adding transcription request, no early transcription started
2026-04-22 16:12:59.338 - RealTimeSTT: realtimestt - DEBUG - Receive from parent_transcription_pipe after sendiung transcription request, transcribe_count: 1
2026-04-22 16:12:59.454 - RealTimeSTT: realtimestt - DEBUG - Receive from parent_transcription_pipe after sendiung transcription request, transcribe_count: 1
2026-04-22 16:12:59.561 - RealTimeSTT: realtimestt - DEBUG - Receive from parent_transcription_pipe after sendiung transcription request, transcribe_count: 1
2026-04-22 16:12:59.670 - RealTimeSTT: realtimestt - DEBUG - Receive from parent_transcription_pipe after sendiung transcription request, transcribe_count: 1
2026-04-22 16:12:59.779 - RealTimeSTT: realtimestt - DEBUG - Receive from parent_transcription_pipe after sendiung transcription request, transcribe_count: 1
2026-04-22 16:12:59.887 - RealTimeSTT: realtimestt - DEBUG - Receive from parent_transcription_pipe after sendiung transcription request, transcribe_count: 1
2026-04-22 16:12:59.996 - RealTimeSTT: realtimestt - DEBUG - Receive from parent_transcription_pipe after sendiung transcription request, transcribe_count: 1
2026-04-22 16:13:00.102 - RealTimeSTT: realtimestt - DEBUG - Receive from parent_transcription_pipe after sendiung transcription request, transcribe_count: 1
2026-04-22 16:13:00.211 - RealTimeSTT: realtimestt - DEBUG - Receive from parent_transcription_pipe after sendiung transcription request, transcribe_count: 1
2026-04-22 16:13:00.251 - RealTimeSTT: realtimestt - INFO - State changed from 'transcribing' to 'inactive'
2026-04-22 16:13:00.253 - RealTimeSTT: realtimestt - DEBUG - Model tiny completed transcription in 0.92 seconds
2026-04-22 16:13:00.255 - RealTimeSTT: realtimestt - INFO - Setting listen time
2026-04-22 16:13:00.255 - RealTimeSTT: realtimestt - INFO - State changed from 'inactive' to 'listening'
2026-04-22 16:13:00.255 - RealTimeSTT: realtimestt - DEBUG - Waiting for recording start
2026-04-22 16:13:27.342 - RealTimeSTT: realtimestt - INFO - voice activity detected
2026-04-22 16:13:27.342 - RealTimeSTT: realtimestt - INFO - recording started
2026-04-22 16:13:27.343 - RealTimeSTT: realtimestt - INFO - State changed from 'listening' to 'recording'
2026-04-22 16:13:27.343 - RealTimeSTT: realtimestt - DEBUG - Waiting for recording stop
2026-04-22 16:13:27.350 - RealTimeSTT: realtimestt - DEBUG - Current realtime buffer size: 16896
2026-04-22 16:13:28.257 - RealTimeSTT: realtimestt - DEBUG - Receive from realtime worker after transcription request to main model
2026-04-22 16:13:28.258 - RealTimeSTT: realtimestt - DEBUG - Realtime text detected with main model: See.
2026-04-22 16:13:28.258 - RealTimeSTT: realtimestt - DEBUG - Current realtime buffer size: 31232
2026-04-22 16:13:28.569 - RealTimeSTT: realtimestt - INFO - recording stopped
2026-04-22 16:13:28.572 - RealTimeSTT: realtimestt - DEBUG - No samples removed, final audio length: 35840
2026-04-22 16:13:28.572 - RealTimeSTT: realtimestt - INFO - State changed from 'recording' to 'inactive'
2026-04-22 16:13:28.573 - RealTimeSTT: realtimestt - INFO - State changed from 'inactive' to 'transcribing'
2026-04-22 16:13:29.229 - RealTimeSTT: realtimestt - DEBUG - Receive from realtime worker after transcription request to main model
2026-04-22 16:13:29.229 - RealTimeSTT: realtimestt - DEBUG - Realtime text detected with main model: See, A8.
2026-04-22 16:13:29.230 - RealTimeSTT: realtimestt - DEBUG - Adding transcription request, no early transcription started
2026-04-22 16:13:29.252 - RealTimeSTT: realtimestt - DEBUG - Receive from parent_transcription_pipe after sendiung transcription request, transcribe_count: 1
2026-04-22 16:13:29.355 - RealTimeSTT: realtimestt - DEBUG - Receive from parent_transcription_pipe after sendiung transcription request, transcribe_count: 1
2026-04-22 16:13:29.462 - RealTimeSTT: realtimestt - DEBUG - Receive from parent_transcription_pipe after sendiung transcription request, transcribe_count: 1
2026-04-22 16:13:29.570 - RealTimeSTT: realtimestt - DEBUG - Receive from parent_transcription_pipe after sendiung transcription request, transcribe_count: 1
2026-04-22 16:13:29.679 - RealTimeSTT: realtimestt - DEBUG - Receive from parent_transcription_pipe after sendiung transcription request, transcribe_count: 1
2026-04-22 16:13:29.789 - RealTimeSTT: realtimestt - DEBUG - Receive from parent_transcription_pipe after sendiung transcription request, transcribe_count: 1
2026-04-22 16:13:29.897 - RealTimeSTT: realtimestt - DEBUG - Receive from parent_transcription_pipe after sendiung transcription request, transcribe_count: 1
2026-04-22 16:13:30.006 - RealTimeSTT: realtimestt - DEBUG - Receive from parent_transcription_pipe after sendiung transcription request, transcribe_count: 1
2026-04-22 16:13:30.115 - RealTimeSTT: realtimestt - DEBUG - Receive from parent_transcription_pipe after sendiung transcription request, transcribe_count: 1
2026-04-22 16:13:30.220 - RealTimeSTT: realtimestt - INFO - State changed from 'transcribing' to 'inactive'
2026-04-22 16:13:30.222 - RealTimeSTT: realtimestt - DEBUG - Model tiny completed transcription in 0.99 seconds
2026-04-22 16:13:30.224 - RealTimeSTT: realtimestt - INFO - Setting listen time
2026-04-22 16:13:30.224 - RealTimeSTT: realtimestt - INFO - State changed from 'inactive' to 'listening'
2026-04-22 16:13:30.225 - RealTimeSTT: realtimestt - DEBUG - Waiting for recording start
2026-04-22 16:13:34.962 - RealTimeSTT: realtimestt - INFO - voice activity detected
2026-04-22 16:13:34.963 - RealTimeSTT: realtimestt - INFO - recording started
2026-04-22 16:13:34.963 - RealTimeSTT: realtimestt - INFO - State changed from 'listening' to 'recording'
2026-04-22 16:13:34.964 - RealTimeSTT: realtimestt - DEBUG - Waiting for recording stop
2026-04-22 16:13:34.973 - RealTimeSTT: realtimestt - DEBUG - Current realtime buffer size: 16896
2026-04-22 16:13:35.878 - RealTimeSTT: realtimestt - DEBUG - Receive from realtime worker after transcription request to main model
2026-04-22 16:13:35.879 - RealTimeSTT: realtimestt - DEBUG - Realtime text detected with main model: Füße.
2026-04-22 16:13:35.879 - RealTimeSTT: realtimestt - DEBUG - Current realtime buffer size: 31232
2026-04-22 16:13:36.837 - RealTimeSTT: realtimestt - DEBUG - Receive from realtime worker after transcription request to main model
2026-04-22 16:13:36.838 - RealTimeSTT: realtimestt - DEBUG - Realtime text detected with main model: Von B3,
2026-04-22 16:13:36.839 - RealTimeSTT: realtimestt - DEBUG - Current realtime buffer size: 46592
2026-04-22 16:13:37.718 - RealTimeSTT: realtimestt - INFO - recording stopped
2026-04-22 16:13:37.721 - RealTimeSTT: realtimestt - DEBUG - No samples removed, final audio length: 60416
2026-04-22 16:13:37.722 - RealTimeSTT: realtimestt - INFO - State changed from 'recording' to 'inactive'
2026-04-22 16:13:37.722 - RealTimeSTT: realtimestt - INFO - State changed from 'inactive' to 'transcribing'
2026-04-22 16:13:37.909 - RealTimeSTT: realtimestt - DEBUG - Receive from realtime worker after transcription request to main model
2026-04-22 16:13:37.910 - RealTimeSTT: realtimestt - DEBUG - Realtime text detected with main model: Von B3, nach, a3,
2026-04-22 16:13:37.910 - RealTimeSTT: realtimestt - DEBUG - Adding transcription request, no early transcription started
2026-04-22 16:13:37.913 - RealTimeSTT: realtimestt - DEBUG - Receive from parent_transcription_pipe after sendiung transcription request, transcribe_count: 1
2026-04-22 16:13:38.026 - RealTimeSTT: realtimestt - DEBUG - Receive from parent_transcription_pipe after sendiung transcription request, transcribe_count: 1
2026-04-22 16:13:38.134 - RealTimeSTT: realtimestt - DEBUG - Receive from parent_transcription_pipe after sendiung transcription request, transcribe_count: 1
2026-04-22 16:13:38.243 - RealTimeSTT: realtimestt - DEBUG - Receive from parent_transcription_pipe after sendiung transcription request, transcribe_count: 1
2026-04-22 16:13:38.351 - RealTimeSTT: realtimestt - DEBUG - Receive from parent_transcription_pipe after sendiung transcription request, transcribe_count: 1
2026-04-22 16:13:38.459 - RealTimeSTT: realtimestt - DEBUG - Receive from parent_transcription_pipe after sendiung transcription request, transcribe_count: 1
2026-04-22 16:13:38.567 - RealTimeSTT: realtimestt - DEBUG - Receive from parent_transcription_pipe after sendiung transcription request, transcribe_count: 1
2026-04-22 16:13:38.677 - RealTimeSTT: realtimestt - DEBUG - Receive from parent_transcription_pipe after sendiung transcription request, transcribe_count: 1
2026-04-22 16:13:38.785 - RealTimeSTT: realtimestt - DEBUG - Receive from parent_transcription_pipe after sendiung transcription request, transcribe_count: 1
2026-04-22 16:13:38.893 - RealTimeSTT: realtimestt - DEBUG - Receive from parent_transcription_pipe after sendiung transcription request, transcribe_count: 1
2026-04-22 16:13:38.974 - RealTimeSTT: realtimestt - INFO - State changed from 'transcribing' to 'inactive'
2026-04-22 16:13:38.976 - RealTimeSTT: realtimestt - DEBUG - Model tiny completed transcription in 1.07 seconds
2026-04-22 16:13:38.978 - RealTimeSTT: realtimestt - INFO - Setting listen time
2026-04-22 16:13:38.978 - RealTimeSTT: realtimestt - INFO - State changed from 'inactive' to 'listening'
2026-04-22 16:13:38.978 - RealTimeSTT: realtimestt - DEBUG - Waiting for recording start
2026-04-22 16:14:40.497 - RealTimeSTT: realtimestt - INFO - voice activity detected
2026-04-22 16:14:40.497 - RealTimeSTT: realtimestt - INFO - recording started
2026-04-22 16:14:40.498 - RealTimeSTT: realtimestt - INFO - State changed from 'listening' to 'recording'
2026-04-22 16:14:40.498 - RealTimeSTT: realtimestt - DEBUG - Waiting for recording stop
2026-04-22 16:14:40.506 - RealTimeSTT: realtimestt - DEBUG - Current realtime buffer size: 16384
2026-04-22 16:14:40.522 - RealTimeSTT: realtimestt - DEBUG - Receive from realtime worker after transcription request to main model
2026-04-22 16:14:40.523 - RealTimeSTT: realtimestt - DEBUG - Realtime text detected with main model: 
2026-04-22 16:14:40.707 - RealTimeSTT: realtimestt - DEBUG - Current realtime buffer size: 19456
2026-04-22 16:14:40.729 - RealTimeSTT: realtimestt - DEBUG - Receive from realtime worker after transcription request to main model
2026-04-22 16:14:40.729 - RealTimeSTT: realtimestt - DEBUG - Realtime text detected with main model: 
2026-04-22 16:14:40.908 - RealTimeSTT: realtimestt - DEBUG - Current realtime buffer size: 22528
2026-04-22 16:14:40.943 - RealTimeSTT: realtimestt - DEBUG - Receive from realtime worker after transcription request to main model
2026-04-22 16:14:40.944 - RealTimeSTT: realtimestt - DEBUG - Realtime text detected with main model: 
2026-04-22 16:14:41.207 - RealTimeSTT: realtimestt - INFO - recording stopped
2026-04-22 16:14:41.209 - RealTimeSTT: realtimestt - DEBUG - No samples removed, final audio length: 27136
2026-04-22 16:14:41.209 - RealTimeSTT: realtimestt - INFO - State changed from 'recording' to 'inactive'
2026-04-22 16:14:41.210 - RealTimeSTT: realtimestt - INFO - State changed from 'inactive' to 'transcribing'
2026-04-22 16:14:41.210 - RealTimeSTT: realtimestt - DEBUG - Adding transcription request, no early transcription started
2026-04-22 16:14:41.222 - RealTimeSTT: realtimestt - DEBUG - Receive from parent_transcription_pipe after sendiung transcription request, transcribe_count: 1
2026-04-22 16:14:41.245 - RealTimeSTT: realtimestt - INFO - State changed from 'transcribing' to 'inactive'
2026-04-22 16:14:41.246 - RealTimeSTT: realtimestt - DEBUG - Model tiny completed transcription in 0.04 seconds
2026-04-22 16:14:41.249 - RealTimeSTT: realtimestt - INFO - Setting listen time
2026-04-22 16:14:41.250 - RealTimeSTT: realtimestt - INFO - State changed from 'inactive' to 'listening'
2026-04-22 16:14:41.250 - RealTimeSTT: realtimestt - DEBUG - Waiting for recording start
2026-04-22 16:14:46.835 - RealTimeSTT: realtimestt - INFO - voice activity detected
2026-04-22 16:14:46.835 - RealTimeSTT: realtimestt - INFO - recording started
2026-04-22 16:14:46.835 - RealTimeSTT: realtimestt - INFO - State changed from 'listening' to 'recording'
2026-04-22 16:14:46.836 - RealTimeSTT: realtimestt - DEBUG - Waiting for recording stop
2026-04-22 16:14:46.850 - RealTimeSTT: realtimestt - DEBUG - Current realtime buffer size: 16896
2026-04-22 16:14:47.830 - RealTimeSTT: realtimestt - DEBUG - Receive from realtime worker after transcription request to main model
2026-04-22 16:14:47.831 - RealTimeSTT: realtimestt - DEBUG - Realtime text detected with main model: Fertal.
2026-04-22 16:14:47.832 - RealTimeSTT: realtimestt - DEBUG - Current realtime buffer size: 32256
2026-04-22 16:14:48.760 - RealTimeSTT: realtimestt - INFO - recording stopped
2026-04-22 16:14:48.763 - RealTimeSTT: realtimestt - DEBUG - No samples removed, final audio length: 47104
2026-04-22 16:14:48.764 - RealTimeSTT: realtimestt - INFO - State changed from 'recording' to 'inactive'
2026-04-22 16:14:48.765 - RealTimeSTT: realtimestt - INFO - State changed from 'inactive' to 'transcribing'
2026-04-22 16:14:48.875 - RealTimeSTT: realtimestt - DEBUG - Receive from realtime worker after transcription request to main model
2026-04-22 16:14:48.876 - RealTimeSTT: realtimestt - DEBUG - Realtime text detected with main model: Partei im E, Partize.
2026-04-22 16:14:48.876 - RealTimeSTT: realtimestt - DEBUG - Adding transcription request, no early transcription started
2026-04-22 16:14:48.889 - RealTimeSTT: realtimestt - DEBUG - Receive from parent_transcription_pipe after sendiung transcription request, transcribe_count: 1
2026-04-22 16:14:48.992 - RealTimeSTT: realtimestt - DEBUG - Receive from parent_transcription_pipe after sendiung transcription request, transcribe_count: 1
2026-04-22 16:14:49.100 - RealTimeSTT: realtimestt - DEBUG - Receive from parent_transcription_pipe after sendiung transcription request, transcribe_count: 1
2026-04-22 16:14:49.208 - RealTimeSTT: realtimestt - DEBUG - Receive from parent_transcription_pipe after sendiung transcription request, transcribe_count: 1
2026-04-22 16:14:49.317 - RealTimeSTT: realtimestt - DEBUG - Receive from parent_transcription_pipe after sendiung transcription request, transcribe_count: 1
2026-04-22 16:14:49.427 - RealTimeSTT: realtimestt - DEBUG - Receive from parent_transcription_pipe after sendiung transcription request, transcribe_count: 1
2026-04-22 16:14:49.536 - RealTimeSTT: realtimestt - DEBUG - Receive from parent_transcription_pipe after sendiung transcription request, transcribe_count: 1
2026-04-22 16:14:49.644 - RealTimeSTT: realtimestt - DEBUG - Receive from parent_transcription_pipe after sendiung transcription request, transcribe_count: 1
2026-04-22 16:14:49.752 - RealTimeSTT: realtimestt - DEBUG - Receive from parent_transcription_pipe after sendiung transcription request, transcribe_count: 1
2026-04-22 16:14:49.860 - RealTimeSTT: realtimestt - DEBUG - Receive from parent_transcription_pipe after sendiung transcription request, transcribe_count: 1
2026-04-22 16:14:49.868 - RealTimeSTT: realtimestt - INFO - State changed from 'transcribing' to 'inactive'
2026-04-22 16:14:49.870 - RealTimeSTT: realtimestt - DEBUG - Model tiny completed transcription in 0.99 seconds
2026-04-22 16:14:49.872 - RealTimeSTT: realtimestt - INFO - Setting listen time
2026-04-22 16:14:49.872 - RealTimeSTT: realtimestt - INFO - State changed from 'inactive' to 'listening'
2026-04-22 16:14:49.872 - RealTimeSTT: realtimestt - DEBUG - Waiting for recording start
2026-04-22 16:14:53.105 - RealTimeSTT: realtimestt - INFO - voice activity detected
2026-04-22 16:14:53.105 - RealTimeSTT: realtimestt - INFO - recording started
2026-04-22 16:14:53.106 - RealTimeSTT: realtimestt - INFO - State changed from 'listening' to 'recording'
2026-04-22 16:14:53.106 - RealTimeSTT: realtimestt - DEBUG - Waiting for recording stop
2026-04-22 16:14:53.107 - RealTimeSTT: realtimestt - DEBUG - Current realtime buffer size: 15872
2026-04-22 16:14:53.992 - RealTimeSTT: realtimestt - DEBUG - Receive from realtime worker after transcription request to main model
2026-04-22 16:14:53.993 - RealTimeSTT: realtimestt - DEBUG - Realtime text detected with main model: Ah, Asu.
2026-04-22 16:14:53.993 - RealTimeSTT: realtimestt - DEBUG - Current realtime buffer size: 30208
2026-04-22 16:14:54.925 - RealTimeSTT: realtimestt - DEBUG - Receive from realtime worker after transcription request to main model
2026-04-22 16:14:54.926 - RealTimeSTT: realtimestt - DEBUG - Realtime text detected with main model: So, fangen wir zu.
2026-04-22 16:14:54.926 - RealTimeSTT: realtimestt - DEBUG - Current realtime buffer size: 45568
2026-04-22 16:14:55.914 - RealTimeSTT: realtimestt - DEBUG - Receive from realtime worker after transcription request to main model
2026-04-22 16:14:55.914 - RealTimeSTT: realtimestt - DEBUG - Realtime text detected with main model: Also, für mich zu Hause hatte ich jetzt das...
2026-04-22 16:14:56.118 - RealTimeSTT: realtimestt - INFO - recording stopped
2026-04-22 16:14:56.120 - RealTimeSTT: realtimestt - DEBUG - No samples removed, final audio length: 64512
2026-04-22 16:14:56.120 - RealTimeSTT: realtimestt - INFO - State changed from 'recording' to 'inactive'
2026-04-22 16:14:56.121 - RealTimeSTT: realtimestt - INFO - State changed from 'inactive' to 'transcribing'
2026-04-22 16:14:56.121 - RealTimeSTT: realtimestt - DEBUG - Adding transcription request, no early transcription started
2026-04-22 16:14:56.122 - RealTimeSTT: realtimestt - DEBUG - Receive from parent_transcription_pipe after sendiung transcription request, transcribe_count: 1
2026-04-22 16:14:56.233 - RealTimeSTT: realtimestt - DEBUG - Receive from parent_transcription_pipe after sendiung transcription request, transcribe_count: 1
2026-04-22 16:14:56.342 - RealTimeSTT: realtimestt - DEBUG - Receive from parent_transcription_pipe after sendiung transcription request, transcribe_count: 1
2026-04-22 16:14:56.451 - RealTimeSTT: realtimestt - DEBUG - Receive from parent_transcription_pipe after sendiung transcription request, transcribe_count: 1
2026-04-22 16:14:56.559 - RealTimeSTT: realtimestt - DEBUG - Receive from parent_transcription_pipe after sendiung transcription request, transcribe_count: 1
2026-04-22 16:14:56.667 - RealTimeSTT: realtimestt - DEBUG - Receive from parent_transcription_pipe after sendiung transcription request, transcribe_count: 1
2026-04-22 16:14:56.777 - RealTimeSTT: realtimestt - DEBUG - Receive from parent_transcription_pipe after sendiung transcription request, transcribe_count: 1
2026-04-22 16:14:56.886 - RealTimeSTT: realtimestt - DEBUG - Receive from parent_transcription_pipe after sendiung transcription request, transcribe_count: 1
2026-04-22 16:14:56.996 - RealTimeSTT: realtimestt - DEBUG - Receive from parent_transcription_pipe after sendiung transcription request, transcribe_count: 1
2026-04-22 16:14:57.104 - RealTimeSTT: realtimestt - DEBUG - Receive from parent_transcription_pipe after sendiung transcription request, transcribe_count: 1
2026-04-22 16:14:57.214 - RealTimeSTT: realtimestt - DEBUG - Receive from parent_transcription_pipe after sendiung transcription request, transcribe_count: 1
2026-04-22 16:14:57.287 - RealTimeSTT: realtimestt - INFO - State changed from 'transcribing' to 'inactive'
2026-04-22 16:14:57.290 - RealTimeSTT: realtimestt - DEBUG - Model tiny completed transcription in 1.17 seconds
2026-04-22 16:14:57.292 - RealTimeSTT: realtimestt - INFO - Setting listen time
2026-04-22 16:14:57.293 - RealTimeSTT: realtimestt - INFO - State changed from 'inactive' to 'listening'
2026-04-22 16:14:57.293 - RealTimeSTT: realtimestt - DEBUG - Waiting for recording start
2026-04-22 16:14:57.395 - RealTimeSTT: realtimestt - INFO - voice activity detected
2026-04-22 16:14:57.395 - RealTimeSTT: realtimestt - INFO - recording started
2026-04-22 16:14:57.395 - RealTimeSTT: realtimestt - INFO - State changed from 'listening' to 'recording'
2026-04-22 16:14:57.396 - RealTimeSTT: realtimestt - DEBUG - Waiting for recording stop
2026-04-22 16:14:57.405 - RealTimeSTT: realtimestt - DEBUG - Current realtime buffer size: 16896
2026-04-22 16:14:58.353 - RealTimeSTT: realtimestt - DEBUG - Receive from realtime worker after transcription request to main model
2026-04-22 16:14:58.354 - RealTimeSTT: realtimestt - DEBUG - Realtime text detected with main model: Sechzehn, sechzehn,
2026-04-22 16:14:58.355 - RealTimeSTT: realtimestt - DEBUG - Current realtime buffer size: 31232
2026-04-22 16:14:59.272 - RealTimeSTT: realtimestt - DEBUG - Receive from realtime worker after transcription request to main model
2026-04-22 16:14:59.273 - RealTimeSTT: realtimestt - DEBUG - Realtime text detected with main model: Beziehenschluss, von dem Hab.
2026-04-22 16:14:59.273 - RealTimeSTT: realtimestt - DEBUG - Current realtime buffer size: 46592
2026-04-22 16:15:00.523 - RealTimeSTT: realtimestt - DEBUG - Receive from realtime worker after transcription request to main model
2026-04-22 16:15:00.525 - RealTimeSTT: realtimestt - DEBUG - Realtime text detected with main model: Unspitzeean, schluss von dem Hab, dagegen in das Land.
2026-04-22 16:15:00.526 - RealTimeSTT: realtimestt - DEBUG - Current realtime buffer size: 66048
2026-04-22 16:15:01.948 - RealTimeSTT: realtimestt - DEBUG - Receive from realtime worker after transcription request to main model
2026-04-22 16:15:01.948 - RealTimeSTT: realtimestt - DEBUG - Realtime text detected with main model: Unspitzeeanschluss von dem Hab, dagenen das Lade-Kabel, dagenen lieber.
2026-04-22 16:15:01.949 - RealTimeSTT: realtimestt - DEBUG - Current realtime buffer size: 89600
2026-04-22 16:15:02.839 - RealTimeSTT: realtimestt - INFO - recording stopped
2026-04-22 16:15:02.844 - RealTimeSTT: realtimestt - DEBUG - No samples removed, final audio length: 103424
2026-04-22 16:15:02.845 - RealTimeSTT: realtimestt - INFO - State changed from 'recording' to 'inactive'
2026-04-22 16:15:02.846 - RealTimeSTT: realtimestt - INFO - State changed from 'inactive' to 'transcribing'
2026-04-22 16:15:03.363 - RealTimeSTT: realtimestt - DEBUG - Receive from realtime worker after transcription request to main model
2026-04-22 16:15:03.364 - RealTimeSTT: realtimestt - DEBUG - Realtime text detected with main model: Innen, USB-C anschluss, von dem Hab, dagegen an das Lade-Kabel, dagegen die Beingeräte zu drüber rein.
2026-04-22 16:15:03.364 - RealTimeSTT: realtimestt - DEBUG - Adding transcription request, no early transcription started
2026-04-22 16:15:03.366 - RealTimeSTT: realtimestt - DEBUG - Receive from parent_transcription_pipe after sendiung transcription request, transcribe_count: 1
2026-04-22 16:15:03.478 - RealTimeSTT: realtimestt - DEBUG - Receive from parent_transcription_pipe after sendiung transcription request, transcribe_count: 1
2026-04-22 16:15:03.587 - RealTimeSTT: realtimestt - DEBUG - Receive from parent_transcription_pipe after sendiung transcription request, transcribe_count: 1
2026-04-22 16:15:03.696 - RealTimeSTT: realtimestt - DEBUG - Receive from parent_transcription_pipe after sendiung transcription request, transcribe_count: 1
2026-04-22 16:15:03.803 - RealTimeSTT: realtimestt - DEBUG - Receive from parent_transcription_pipe after sendiung transcription request, transcribe_count: 1
2026-04-22 16:15:03.910 - RealTimeSTT: realtimestt - DEBUG - Receive from parent_transcription_pipe after sendiung transcription request, transcribe_count: 1
2026-04-22 16:15:04.020 - RealTimeSTT: realtimestt - DEBUG - Receive from parent_transcription_pipe after sendiung transcription request, transcribe_count: 1
2026-04-22 16:15:04.129 - RealTimeSTT: realtimestt - DEBUG - Receive from parent_transcription_pipe after sendiung transcription request, transcribe_count: 1
2026-04-22 16:15:04.237 - RealTimeSTT: realtimestt - DEBUG - Receive from parent_transcription_pipe after sendiung transcription request, transcribe_count: 1
2026-04-22 16:15:04.345 - RealTimeSTT: realtimestt - DEBUG - Receive from parent_transcription_pipe after sendiung transcription request, transcribe_count: 1
2026-04-22 16:15:04.453 - RealTimeSTT: realtimestt - DEBUG - Receive from parent_transcription_pipe after sendiung transcription request, transcribe_count: 1
2026-04-22 16:15:04.562 - RealTimeSTT: realtimestt - DEBUG - Receive from parent_transcription_pipe after sendiung transcription request, transcribe_count: 1
2026-04-22 16:15:04.671 - RealTimeSTT: realtimestt - DEBUG - Receive from parent_transcription_pipe after sendiung transcription request, transcribe_count: 1
2026-04-22 16:15:04.782 - RealTimeSTT: realtimestt - DEBUG - Receive from parent_transcription_pipe after sendiung transcription request, transcribe_count: 1
2026-04-22 16:15:04.890 - RealTimeSTT: realtimestt - DEBUG - Receive from parent_transcription_pipe after sendiung transcription request, transcribe_count: 1
2026-04-22 16:15:04.911 - RealTimeSTT: realtimestt - INFO - State changed from 'transcribing' to 'inactive'
2026-04-22 16:15:04.915 - RealTimeSTT: realtimestt - DEBUG - Model tiny completed transcription in 1.55 seconds
2026-04-22 16:15:04.917 - RealTimeSTT: realtimestt - INFO - Setting listen time
2026-04-22 16:15:04.917 - RealTimeSTT: realtimestt - INFO - State changed from 'inactive' to 'listening'
2026-04-22 16:15:04.917 - RealTimeSTT: realtimestt - DEBUG - Waiting for recording start
2026-04-22 16:15:05.395 - RealTimeSTT: realtimestt - INFO - voice activity detected
2026-04-22 16:15:05.395 - RealTimeSTT: realtimestt - INFO - recording started
2026-04-22 16:15:05.396 - RealTimeSTT: realtimestt - INFO - State changed from 'listening' to 'recording'
2026-04-22 16:15:05.396 - RealTimeSTT: realtimestt - DEBUG - Waiting for recording stop
2026-04-22 16:15:05.401 - RealTimeSTT: realtimestt - DEBUG - Current realtime buffer size: 16384
2026-04-22 16:15:06.167 - RealTimeSTT: realtimestt - INFO - recording stopped
2026-04-22 16:15:06.169 - RealTimeSTT: realtimestt - DEBUG - No samples removed, final audio length: 28672
2026-04-22 16:15:06.169 - RealTimeSTT: realtimestt - INFO - State changed from 'recording' to 'inactive'
2026-04-22 16:15:06.170 - RealTimeSTT: realtimestt - INFO - State changed from 'inactive' to 'transcribing'
2026-04-22 16:15:06.253 - RealTimeSTT: realtimestt - DEBUG - Receive from realtime worker after transcription request to main model
2026-04-22 16:15:06.254 - RealTimeSTT: realtimestt - DEBUG - Realtime text detected with main model: Fühe.
2026-04-22 16:15:06.255 - RealTimeSTT: realtimestt - DEBUG - Adding transcription request, no early transcription started
2026-04-22 16:15:06.273 - RealTimeSTT: realtimestt - DEBUG - Receive from parent_transcription_pipe after sendiung transcription request, transcribe_count: 1
2026-04-22 16:15:06.376 - RealTimeSTT: realtimestt - DEBUG - Receive from parent_transcription_pipe after sendiung transcription request, transcribe_count: 1
2026-04-22 16:15:06.484 - RealTimeSTT: realtimestt - DEBUG - Receive from parent_transcription_pipe after sendiung transcription request, transcribe_count: 1
2026-04-22 16:15:06.593 - RealTimeSTT: realtimestt - DEBUG - Receive from parent_transcription_pipe after sendiung transcription request, transcribe_count: 1
2026-04-22 16:15:06.704 - RealTimeSTT: realtimestt - DEBUG - Receive from parent_transcription_pipe after sendiung transcription request, transcribe_count: 1
2026-04-22 16:15:06.812 - RealTimeSTT: realtimestt - DEBUG - Receive from parent_transcription_pipe after sendiung transcription request, transcribe_count: 1
2026-04-22 16:15:06.921 - RealTimeSTT: realtimestt - DEBUG - Receive from parent_transcription_pipe after sendiung transcription request, transcribe_count: 1
2026-04-22 16:15:07.029 - RealTimeSTT: realtimestt - DEBUG - Receive from parent_transcription_pipe after sendiung transcription request, transcribe_count: 1
2026-04-22 16:15:07.101 - RealTimeSTT: realtimestt - INFO - State changed from 'transcribing' to 'inactive'
2026-04-22 16:15:07.102 - RealTimeSTT: realtimestt - DEBUG - Model tiny completed transcription in 0.85 seconds
2026-04-22 16:15:07.105 - RealTimeSTT: realtimestt - INFO - Setting listen time
2026-04-22 16:15:07.105 - RealTimeSTT: realtimestt - INFO - State changed from 'inactive' to 'listening'
2026-04-22 16:15:07.105 - RealTimeSTT: realtimestt - DEBUG - Waiting for recording start
2026-04-22 16:15:07.315 - RealTimeSTT: realtimestt - INFO - voice activity detected
2026-04-22 16:15:07.315 - RealTimeSTT: realtimestt - INFO - recording started
2026-04-22 16:15:07.315 - RealTimeSTT: realtimestt - INFO - State changed from 'listening' to 'recording'
2026-04-22 16:15:07.316 - RealTimeSTT: realtimestt - DEBUG - Waiting for recording stop
2026-04-22 16:15:07.335 - RealTimeSTT: realtimestt - DEBUG - Current realtime buffer size: 16896
2026-04-22 16:15:08.089 - RealTimeSTT: realtimestt - INFO - recording stopped
2026-04-22 16:15:08.091 - RealTimeSTT: realtimestt - DEBUG - No samples removed, final audio length: 28672
2026-04-22 16:15:08.091 - RealTimeSTT: realtimestt - INFO - State changed from 'recording' to 'inactive'
2026-04-22 16:15:08.092 - RealTimeSTT: realtimestt - INFO - State changed from 'inactive' to 'transcribing'
2026-04-22 16:15:08.331 - RealTimeSTT: realtimestt - DEBUG - Receive from realtime worker after transcription request to main model
2026-04-22 16:15:08.332 - RealTimeSTT: realtimestt - DEBUG - Realtime text detected with main model: Ich glaube, reduziert.
2026-04-22 16:15:08.332 - RealTimeSTT: realtimestt - DEBUG - Adding transcription request, no early transcription started
2026-04-22 16:15:08.343 - RealTimeSTT: realtimestt - DEBUG - Receive from parent_transcription_pipe after sendiung transcription request, transcribe_count: 1
2026-04-22 16:15:08.446 - RealTimeSTT: realtimestt - DEBUG - Receive from parent_transcription_pipe after sendiung transcription request, transcribe_count: 1
2026-04-22 16:15:08.554 - RealTimeSTT: realtimestt - DEBUG - Receive from parent_transcription_pipe after sendiung transcription request, transcribe_count: 1
2026-04-22 16:15:08.663 - RealTimeSTT: realtimestt - DEBUG - Receive from parent_transcription_pipe after sendiung transcription request, transcribe_count: 1
2026-04-22 16:15:08.772 - RealTimeSTT: realtimestt - DEBUG - Receive from parent_transcription_pipe after sendiung transcription request, transcribe_count: 1
2026-04-22 16:15:08.884 - RealTimeSTT: realtimestt - DEBUG - Receive from parent_transcription_pipe after sendiung transcription request, transcribe_count: 1
2026-04-22 16:15:08.991 - RealTimeSTT: realtimestt - DEBUG - Receive from parent_transcription_pipe after sendiung transcription request, transcribe_count: 1
2026-04-22 16:15:09.098 - RealTimeSTT: realtimestt - DEBUG - Receive from parent_transcription_pipe after sendiung transcription request, transcribe_count: 1
2026-04-22 16:15:09.210 - RealTimeSTT: realtimestt - DEBUG - Receive from parent_transcription_pipe after sendiung transcription request, transcribe_count: 1
2026-04-22 16:15:09.318 - RealTimeSTT: realtimestt - DEBUG - Receive from parent_transcription_pipe after sendiung transcription request, transcribe_count: 1
2026-04-22 16:15:09.423 - RealTimeSTT: realtimestt - INFO - State changed from 'transcribing' to 'inactive'
2026-04-22 16:15:09.424 - RealTimeSTT: realtimestt - DEBUG - Model tiny completed transcription in 1.09 seconds
2026-04-22 16:15:09.426 - RealTimeSTT: realtimestt - INFO - Setting listen time
2026-04-22 16:15:09.426 - RealTimeSTT: realtimestt - INFO - State changed from 'inactive' to 'listening'
2026-04-22 16:15:09.427 - RealTimeSTT: realtimestt - DEBUG - Waiting for recording start
2026-04-22 16:15:27.406 - RealTimeSTT: realtimestt - INFO - voice activity detected
2026-04-22 16:15:27.406 - RealTimeSTT: realtimestt - INFO - recording started
2026-04-22 16:15:27.406 - RealTimeSTT: realtimestt - INFO - State changed from 'listening' to 'recording'
2026-04-22 16:15:27.406 - RealTimeSTT: realtimestt - DEBUG - Waiting for recording stop
2026-04-22 16:15:27.411 - RealTimeSTT: realtimestt - DEBUG - Current realtime buffer size: 16896
2026-04-22 16:15:28.180 - RealTimeSTT: realtimestt - INFO - recording stopped
2026-04-22 16:15:28.182 - RealTimeSTT: realtimestt - DEBUG - No samples removed, final audio length: 28672
2026-04-22 16:15:28.183 - RealTimeSTT: realtimestt - INFO - State changed from 'recording' to 'inactive'
2026-04-22 16:15:28.184 - RealTimeSTT: realtimestt - INFO - State changed from 'inactive' to 'transcribing'
2026-04-22 16:15:28.238 - RealTimeSTT: realtimestt - DEBUG - Receive from realtime worker after transcription request to main model
2026-04-22 16:15:28.239 - RealTimeSTT: realtimestt - DEBUG - Realtime text detected with main model: A2,
2026-04-22 16:15:28.239 - RealTimeSTT: realtimestt - DEBUG - Adding transcription request, no early transcription started
2026-04-22 16:15:28.240 - RealTimeSTT: realtimestt - DEBUG - Receive from parent_transcription_pipe after sendiung transcription request, transcribe_count: 1
2026-04-22 16:15:28.348 - RealTimeSTT: realtimestt - DEBUG - Receive from parent_transcription_pipe after sendiung transcription request, transcribe_count: 1
2026-04-22 16:15:28.454 - RealTimeSTT: realtimestt - DEBUG - Receive from parent_transcription_pipe after sendiung transcription request, transcribe_count: 1
2026-04-22 16:15:28.563 - RealTimeSTT: realtimestt - DEBUG - Receive from parent_transcription_pipe after sendiung transcription request, transcribe_count: 1
2026-04-22 16:15:28.670 - RealTimeSTT: realtimestt - DEBUG - Receive from parent_transcription_pipe after sendiung transcription request, transcribe_count: 1
2026-04-22 16:15:28.780 - RealTimeSTT: realtimestt - DEBUG - Receive from parent_transcription_pipe after sendiung transcription request, transcribe_count: 1
2026-04-22 16:15:28.888 - RealTimeSTT: realtimestt - DEBUG - Receive from parent_transcription_pipe after sendiung transcription request, transcribe_count: 1
2026-04-22 16:15:28.998 - RealTimeSTT: realtimestt - DEBUG - Receive from parent_transcription_pipe after sendiung transcription request, transcribe_count: 1
2026-04-22 16:15:29.106 - RealTimeSTT: realtimestt - DEBUG - Receive from parent_transcription_pipe after sendiung transcription request, transcribe_count: 1
2026-04-22 16:15:29.150 - RealTimeSTT: realtimestt - INFO - State changed from 'transcribing' to 'inactive'
2026-04-22 16:15:29.151 - RealTimeSTT: realtimestt - DEBUG - Model tiny completed transcription in 0.91 seconds
2026-04-22 16:15:29.153 - RealTimeSTT: realtimestt - INFO - Setting listen time
2026-04-22 16:15:29.153 - RealTimeSTT: realtimestt - INFO - State changed from 'inactive' to 'listening'
2026-04-22 16:15:29.153 - RealTimeSTT: realtimestt - DEBUG - Waiting for recording start
2026-04-22 16:15:35.286 - RealTimeSTT: realtimestt - INFO - voice activity detected
2026-04-22 16:15:35.286 - RealTimeSTT: realtimestt - INFO - recording started
2026-04-22 16:15:35.287 - RealTimeSTT: realtimestt - INFO - State changed from 'listening' to 'recording'
2026-04-22 16:15:35.287 - RealTimeSTT: realtimestt - DEBUG - Waiting for recording stop
2026-04-22 16:15:35.288 - RealTimeSTT: realtimestt - DEBUG - Current realtime buffer size: 15872
2026-04-22 16:15:36.181 - RealTimeSTT: realtimestt - INFO - recording stopped
2026-04-22 16:15:36.184 - RealTimeSTT: realtimestt - DEBUG - No samples removed, final audio length: 30720
2026-04-22 16:15:36.184 - RealTimeSTT: realtimestt - INFO - State changed from 'recording' to 'inactive'
2026-04-22 16:15:36.185 - RealTimeSTT: realtimestt - INFO - State changed from 'inactive' to 'transcribing'
2026-04-22 16:15:36.295 - RealTimeSTT: realtimestt - DEBUG - Receive from realtime worker after transcription request to main model
2026-04-22 16:15:36.296 - RealTimeSTT: realtimestt - DEBUG - Realtime text detected with main model: Be!
2026-04-22 16:15:36.296 - RealTimeSTT: realtimestt - DEBUG - Adding transcription request, no early transcription started
2026-04-22 16:15:36.298 - RealTimeSTT: realtimestt - DEBUG - Receive from parent_transcription_pipe after sendiung transcription request, transcribe_count: 1
2026-04-22 16:15:36.399 - RealTimeSTT: realtimestt - DEBUG - Receive from parent_transcription_pipe after sendiung transcription request, transcribe_count: 1
2026-04-22 16:15:36.506 - RealTimeSTT: realtimestt - DEBUG - Receive from parent_transcription_pipe after sendiung transcription request, transcribe_count: 1
2026-04-22 16:15:36.615 - RealTimeSTT: realtimestt - DEBUG - Receive from parent_transcription_pipe after sendiung transcription request, transcribe_count: 1
2026-04-22 16:15:36.725 - RealTimeSTT: realtimestt - DEBUG - Receive from parent_transcription_pipe after sendiung transcription request, transcribe_count: 1
2026-04-22 16:15:36.832 - RealTimeSTT: realtimestt - DEBUG - Receive from parent_transcription_pipe after sendiung transcription request, transcribe_count: 1
2026-04-22 16:15:36.940 - RealTimeSTT: realtimestt - DEBUG - Receive from parent_transcription_pipe after sendiung transcription request, transcribe_count: 1
2026-04-22 16:15:37.049 - RealTimeSTT: realtimestt - DEBUG - Receive from parent_transcription_pipe after sendiung transcription request, transcribe_count: 1
2026-04-22 16:15:37.160 - RealTimeSTT: realtimestt - DEBUG - Receive from parent_transcription_pipe after sendiung transcription request, transcribe_count: 1
2026-04-22 16:15:37.187 - RealTimeSTT: realtimestt - INFO - State changed from 'transcribing' to 'inactive'
2026-04-22 16:15:37.188 - RealTimeSTT: realtimestt - DEBUG - Model tiny completed transcription in 0.89 seconds
2026-04-22 16:15:37.190 - RealTimeSTT: realtimestt - INFO - Setting listen time
2026-04-22 16:15:37.191 - RealTimeSTT: realtimestt - INFO - State changed from 'inactive' to 'listening'
2026-04-22 16:15:37.191 - RealTimeSTT: realtimestt - DEBUG - Waiting for recording start
2026-04-22 16:15:39.886 - RealTimeSTT: realtimestt - INFO - voice activity detected
2026-04-22 16:15:39.886 - RealTimeSTT: realtimestt - INFO - recording started
2026-04-22 16:15:39.886 - RealTimeSTT: realtimestt - INFO - State changed from 'listening' to 'recording'
2026-04-22 16:15:39.887 - RealTimeSTT: realtimestt - DEBUG - Waiting for recording stop
2026-04-22 16:15:39.888 - RealTimeSTT: realtimestt - DEBUG - Current realtime buffer size: 16384
2026-04-22 16:15:40.736 - RealTimeSTT: realtimestt - INFO - recording stopped
2026-04-22 16:15:40.738 - RealTimeSTT: realtimestt - DEBUG - No samples removed, final audio length: 30208
2026-04-22 16:15:40.739 - RealTimeSTT: realtimestt - INFO - State changed from 'recording' to 'inactive'
2026-04-22 16:15:40.740 - RealTimeSTT: realtimestt - INFO - State changed from 'inactive' to 'transcribing'
2026-04-22 16:15:40.768 - RealTimeSTT: realtimestt - DEBUG - Receive from realtime worker after transcription request to main model
2026-04-22 16:15:40.769 - RealTimeSTT: realtimestt - DEBUG - Realtime text detected with main model: Fühe.
2026-04-22 16:15:40.769 - RealTimeSTT: realtimestt - DEBUG - Adding transcription request, no early transcription started
2026-04-22 16:15:40.771 - RealTimeSTT: realtimestt - DEBUG - Receive from parent_transcription_pipe after sendiung transcription request, transcribe_count: 1
2026-04-22 16:15:40.883 - RealTimeSTT: realtimestt - DEBUG - Receive from parent_transcription_pipe after sendiung transcription request, transcribe_count: 1
2026-04-22 16:15:40.993 - RealTimeSTT: realtimestt - DEBUG - Receive from parent_transcription_pipe after sendiung transcription request, transcribe_count: 1
2026-04-22 16:15:41.100 - RealTimeSTT: realtimestt - DEBUG - Receive from parent_transcription_pipe after sendiung transcription request, transcribe_count: 1
2026-04-22 16:15:41.208 - RealTimeSTT: realtimestt - DEBUG - Receive from parent_transcription_pipe after sendiung transcription request, transcribe_count: 1
2026-04-22 16:15:41.315 - RealTimeSTT: realtimestt - DEBUG - Receive from parent_transcription_pipe after sendiung transcription request, transcribe_count: 1
2026-04-22 16:15:41.421 - RealTimeSTT: realtimestt - DEBUG - Receive from parent_transcription_pipe after sendiung transcription request, transcribe_count: 1
2026-04-22 16:15:41.529 - RealTimeSTT: realtimestt - DEBUG - Receive from parent_transcription_pipe after sendiung transcription request, transcribe_count: 1
2026-04-22 16:15:41.636 - RealTimeSTT: realtimestt - DEBUG - Receive from parent_transcription_pipe after sendiung transcription request, transcribe_count: 1
2026-04-22 16:15:41.690 - RealTimeSTT: realtimestt - INFO - State changed from 'transcribing' to 'inactive'
2026-04-22 16:15:41.692 - RealTimeSTT: realtimestt - DEBUG - Model tiny completed transcription in 0.92 seconds
2026-04-22 16:15:41.694 - RealTimeSTT: realtimestt - INFO - Setting listen time
2026-04-22 16:15:41.694 - RealTimeSTT: realtimestt - INFO - State changed from 'inactive' to 'listening'
2026-04-22 16:15:41.694 - RealTimeSTT: realtimestt - DEBUG - Waiting for recording start
2026-04-22 16:15:43.726 - RealTimeSTT: realtimestt - INFO - voice activity detected
2026-04-22 16:15:43.726 - RealTimeSTT: realtimestt - INFO - recording started
2026-04-22 16:15:43.727 - RealTimeSTT: realtimestt - INFO - State changed from 'listening' to 'recording'
2026-04-22 16:15:43.727 - RealTimeSTT: realtimestt - DEBUG - Waiting for recording stop
2026-04-22 16:15:43.732 - RealTimeSTT: realtimestt - DEBUG - Current realtime buffer size: 16384
2026-04-22 16:15:44.613 - RealTimeSTT: realtimestt - DEBUG - Receive from realtime worker after transcription request to main model
2026-04-22 16:15:44.613 - RealTimeSTT: realtimestt - DEBUG - Realtime text detected with main model: Außen.
2026-04-22 16:15:44.614 - RealTimeSTT: realtimestt - DEBUG - Current realtime buffer size: 30208
2026-04-22 16:15:44.892 - RealTimeSTT: realtimestt - INFO - recording stopped
2026-04-22 16:15:44.894 - RealTimeSTT: realtimestt - DEBUG - No samples removed, final audio length: 34816
2026-04-22 16:15:44.894 - RealTimeSTT: realtimestt - INFO - State changed from 'recording' to 'inactive'
2026-04-22 16:15:44.895 - RealTimeSTT: realtimestt - INFO - State changed from 'inactive' to 'transcribing'
2026-04-22 16:15:45.514 - RealTimeSTT: realtimestt - DEBUG - Receive from realtime worker after transcription request to main model
2026-04-22 16:15:45.515 - RealTimeSTT: realtimestt - DEBUG - Realtime text detected with main model: Außen, dreie.
2026-04-22 16:15:45.516 - RealTimeSTT: realtimestt - DEBUG - Adding transcription request, no early transcription started
2026-04-22 16:15:45.518 - RealTimeSTT: realtimestt - DEBUG - Receive from parent_transcription_pipe after sendiung transcription request, transcribe_count: 1
2026-04-22 16:15:45.624 - RealTimeSTT: realtimestt - DEBUG - Receive from parent_transcription_pipe after sendiung transcription request, transcribe_count: 1
2026-04-22 16:15:45.732 - RealTimeSTT: realtimestt - DEBUG - Receive from parent_transcription_pipe after sendiung transcription request, transcribe_count: 1
2026-04-22 16:15:45.839 - RealTimeSTT: realtimestt - DEBUG - Receive from parent_transcription_pipe after sendiung transcription request, transcribe_count: 1
2026-04-22 16:15:45.946 - RealTimeSTT: realtimestt - DEBUG - Receive from parent_transcription_pipe after sendiung transcription request, transcribe_count: 1
2026-04-22 16:15:46.057 - RealTimeSTT: realtimestt - DEBUG - Receive from parent_transcription_pipe after sendiung transcription request, transcribe_count: 1
2026-04-22 16:15:46.166 - RealTimeSTT: realtimestt - DEBUG - Receive from parent_transcription_pipe after sendiung transcription request, transcribe_count: 1
2026-04-22 16:15:46.275 - RealTimeSTT: realtimestt - DEBUG - Receive from parent_transcription_pipe after sendiung transcription request, transcribe_count: 1
2026-04-22 16:15:46.383 - RealTimeSTT: realtimestt - DEBUG - Receive from parent_transcription_pipe after sendiung transcription request, transcribe_count: 1
2026-04-22 16:15:46.390 - RealTimeSTT: realtimestt - INFO - State changed from 'transcribing' to 'inactive'
2026-04-22 16:15:46.391 - RealTimeSTT: realtimestt - DEBUG - Model tiny completed transcription in 0.87 seconds
2026-04-22 16:15:46.393 - RealTimeSTT: realtimestt - INFO - Setting listen time
2026-04-22 16:15:46.393 - RealTimeSTT: realtimestt - INFO - State changed from 'inactive' to 'listening'
2026-04-22 16:15:46.393 - RealTimeSTT: realtimestt - DEBUG - Waiting for recording start
2026-04-22 16:15:48.726 - RealTimeSTT: realtimestt - INFO - voice activity detected
2026-04-22 16:15:48.727 - RealTimeSTT: realtimestt - INFO - recording started
2026-04-22 16:15:48.727 - RealTimeSTT: realtimestt - INFO - State changed from 'listening' to 'recording'
2026-04-22 16:15:48.727 - RealTimeSTT: realtimestt - DEBUG - Waiting for recording stop
2026-04-22 16:15:48.736 - RealTimeSTT: realtimestt - DEBUG - Current realtime buffer size: 16896
2026-04-22 16:15:48.761 - RealTimeSTT: realtimestt - DEBUG - Receive from realtime worker after transcription request to main model
2026-04-22 16:15:48.761 - RealTimeSTT: realtimestt - DEBUG - Realtime text detected with main model: 
2026-04-22 16:15:48.937 - RealTimeSTT: realtimestt - DEBUG - Current realtime buffer size: 19968
2026-04-22 16:15:48.964 - RealTimeSTT: realtimestt - DEBUG - Receive from realtime worker after transcription request to main model
2026-04-22 16:15:48.965 - RealTimeSTT: realtimestt - DEBUG - Realtime text detected with main model: 
2026-04-22 16:15:49.137 - RealTimeSTT: realtimestt - DEBUG - Current realtime buffer size: 23040
2026-04-22 16:15:49.174 - RealTimeSTT: realtimestt - DEBUG - Receive from realtime worker after transcription request to main model
2026-04-22 16:15:49.174 - RealTimeSTT: realtimestt - DEBUG - Realtime text detected with main model: 
2026-04-22 16:15:49.490 - RealTimeSTT: realtimestt - INFO - recording stopped
2026-04-22 16:15:49.492 - RealTimeSTT: realtimestt - DEBUG - No samples removed, final audio length: 28672
2026-04-22 16:15:49.492 - RealTimeSTT: realtimestt - INFO - State changed from 'recording' to 'inactive'
2026-04-22 16:15:49.493 - RealTimeSTT: realtimestt - INFO - State changed from 'inactive' to 'transcribing'
2026-04-22 16:15:49.493 - RealTimeSTT: realtimestt - DEBUG - Adding transcription request, no early transcription started
2026-04-22 16:15:49.497 - RealTimeSTT: realtimestt - DEBUG - Receive from parent_transcription_pipe after sendiung transcription request, transcribe_count: 1
2026-04-22 16:15:49.523 - RealTimeSTT: realtimestt - INFO - State changed from 'transcribing' to 'inactive'
2026-04-22 16:15:49.525 - RealTimeSTT: realtimestt - DEBUG - Model tiny completed transcription in 0.03 seconds
2026-04-22 16:15:49.527 - RealTimeSTT: realtimestt - INFO - Setting listen time
2026-04-22 16:15:49.527 - RealTimeSTT: realtimestt - INFO - State changed from 'inactive' to 'listening'
2026-04-22 16:15:49.528 - RealTimeSTT: realtimestt - DEBUG - Waiting for recording start
2026-04-22 16:16:00.817 - RealTimeSTT: realtimestt - INFO - voice activity detected
2026-04-22 16:16:00.818 - RealTimeSTT: realtimestt - INFO - recording started
2026-04-22 16:16:00.818 - RealTimeSTT: realtimestt - INFO - State changed from 'listening' to 'recording'
2026-04-22 16:16:00.818 - RealTimeSTT: realtimestt - DEBUG - Waiting for recording stop
2026-04-22 16:16:00.824 - RealTimeSTT: realtimestt - DEBUG - Current realtime buffer size: 16896
2026-04-22 16:16:01.534 - RealTimeSTT: realtimestt - INFO - recording stopped
2026-04-22 16:16:01.537 - RealTimeSTT: realtimestt - DEBUG - No samples removed, final audio length: 27648
2026-04-22 16:16:01.537 - RealTimeSTT: realtimestt - INFO - State changed from 'recording' to 'inactive'
2026-04-22 16:16:01.538 - RealTimeSTT: realtimestt - INFO - State changed from 'inactive' to 'transcribing'
2026-04-22 16:16:02.114 - RealTimeSTT: realtimestt - DEBUG - Receive from realtime worker after transcription request to main model
2026-04-22 16:16:02.115 - RealTimeSTT: realtimestt - DEBUG - Realtime text detected with main model: So, das ist schon mal so ein paar.
2026-04-22 16:16:02.116 - RealTimeSTT: realtimestt - DEBUG - Adding transcription request, no early transcription started
2026-04-22 16:16:02.117 - RealTimeSTT: realtimestt - DEBUG - Receive from parent_transcription_pipe after sendiung transcription request, transcribe_count: 1
2026-04-22 16:16:02.229 - RealTimeSTT: realtimestt - DEBUG - Receive from parent_transcription_pipe after sendiung transcription request, transcribe_count: 1
2026-04-22 16:16:02.338 - RealTimeSTT: realtimestt - DEBUG - Receive from parent_transcription_pipe after sendiung transcription request, transcribe_count: 1
2026-04-22 16:16:02.447 - RealTimeSTT: realtimestt - DEBUG - Receive from parent_transcription_pipe after sendiung transcription request, transcribe_count: 1
2026-04-22 16:16:02.556 - RealTimeSTT: realtimestt - DEBUG - Receive from parent_transcription_pipe after sendiung transcription request, transcribe_count: 1
2026-04-22 16:16:02.665 - RealTimeSTT: realtimestt - DEBUG - Receive from parent_transcription_pipe after sendiung transcription request, transcribe_count: 1
2026-04-22 16:16:02.771 - RealTimeSTT: realtimestt - DEBUG - Receive from parent_transcription_pipe after sendiung transcription request, transcribe_count: 1
2026-04-22 16:16:02.879 - RealTimeSTT: realtimestt - DEBUG - Receive from parent_transcription_pipe after sendiung transcription request, transcribe_count: 1
2026-04-22 16:16:02.987 - RealTimeSTT: realtimestt - DEBUG - Receive from parent_transcription_pipe after sendiung transcription request, transcribe_count: 1
2026-04-22 16:16:03.094 - RealTimeSTT: realtimestt - DEBUG - Receive from parent_transcription_pipe after sendiung transcription request, transcribe_count: 1
2026-04-22 16:16:03.202 - RealTimeSTT: realtimestt - DEBUG - Receive from parent_transcription_pipe after sendiung transcription request, transcribe_count: 1
2026-04-22 16:16:03.310 - RealTimeSTT: realtimestt - DEBUG - Receive from parent_transcription_pipe after sendiung transcription request, transcribe_count: 1
2026-04-22 16:16:03.334 - RealTimeSTT: realtimestt - INFO - State changed from 'transcribing' to 'inactive'
2026-04-22 16:16:03.335 - RealTimeSTT: realtimestt - DEBUG - Model tiny completed transcription in 1.22 seconds
2026-04-22 16:16:03.337 - RealTimeSTT: realtimestt - INFO - Setting listen time
2026-04-22 16:16:03.338 - RealTimeSTT: realtimestt - INFO - State changed from 'inactive' to 'listening'
2026-04-22 16:16:03.338 - RealTimeSTT: realtimestt - DEBUG - Waiting for recording start
2026-04-22 16:16:05.687 - RealTimeSTT: realtimestt - INFO - voice activity detected
2026-04-22 16:16:05.687 - RealTimeSTT: realtimestt - INFO - recording started
2026-04-22 16:16:05.687 - RealTimeSTT: realtimestt - INFO - State changed from 'listening' to 'recording'
2026-04-22 16:16:05.687 - RealTimeSTT: realtimestt - DEBUG - Waiting for recording stop
2026-04-22 16:16:05.696 - RealTimeSTT: realtimestt - DEBUG - Current realtime buffer size: 16896
2026-04-22 16:16:06.939 - RealTimeSTT: realtimestt - DEBUG - Receive from realtime worker after transcription request to main model
2026-04-22 16:16:06.940 - RealTimeSTT: realtimestt - DEBUG - Realtime text detected with main model: Sechzehn, neunzehn, neunzehn, neunzehn,
2026-04-22 16:16:06.941 - RealTimeSTT: realtimestt - DEBUG - Current realtime buffer size: 36352
2026-04-22 16:16:08.099 - RealTimeSTT: realtimestt - DEBUG - Receive from realtime worker after transcription request to main model
2026-04-22 16:16:08.099 - RealTimeSTT: realtimestt - DEBUG - Realtime text detected with main model: Sechzehn, vierzehn, vierzehn, vierzehn,
2026-04-22 16:16:08.100 - RealTimeSTT: realtimestt - DEBUG - Current realtime buffer size: 54784
2026-04-22 16:16:09.080 - RealTimeSTT: realtimestt - INFO - recording stopped
2026-04-22 16:16:09.083 - RealTimeSTT: realtimestt - DEBUG - No samples removed, final audio length: 70656
2026-04-22 16:16:09.084 - RealTimeSTT: realtimestt - INFO - State changed from 'recording' to 'inactive'
2026-04-22 16:16:09.085 - RealTimeSTT: realtimestt - INFO - State changed from 'inactive' to 'transcribing'
2026-04-22 16:16:09.378 - RealTimeSTT: realtimestt - DEBUG - Receive from realtime worker after transcription request to main model
2026-04-22 16:16:09.379 - RealTimeSTT: realtimestt - DEBUG - Realtime text detected with main model: Sechzehn, was erkennte, so was er angeläuft.
2026-04-22 16:16:09.379 - RealTimeSTT: realtimestt - DEBUG - Adding transcription request, no early transcription started
2026-04-22 16:16:09.380 - RealTimeSTT: realtimestt - DEBUG - Receive from parent_transcription_pipe after sendiung transcription request, transcribe_count: 1
2026-04-22 16:16:09.492 - RealTimeSTT: realtimestt - DEBUG - Receive from parent_transcription_pipe after sendiung transcription request, transcribe_count: 1
2026-04-22 16:16:09.600 - RealTimeSTT: realtimestt - DEBUG - Receive from parent_transcription_pipe after sendiung transcription request, transcribe_count: 1
2026-04-22 16:16:09.710 - RealTimeSTT: realtimestt - DEBUG - Receive from parent_transcription_pipe after sendiung transcription request, transcribe_count: 1
2026-04-22 16:16:09.818 - RealTimeSTT: realtimestt - DEBUG - Receive from parent_transcription_pipe after sendiung transcription request, transcribe_count: 1
2026-04-22 16:16:09.929 - RealTimeSTT: realtimestt - DEBUG - Receive from parent_transcription_pipe after sendiung transcription request, transcribe_count: 1
2026-04-22 16:16:10.036 - RealTimeSTT: realtimestt - DEBUG - Receive from parent_transcription_pipe after sendiung transcription request, transcribe_count: 1
2026-04-22 16:16:10.145 - RealTimeSTT: realtimestt - DEBUG - Receive from parent_transcription_pipe after sendiung transcription request, transcribe_count: 1
2026-04-22 16:16:10.253 - RealTimeSTT: realtimestt - DEBUG - Receive from parent_transcription_pipe after sendiung transcription request, transcribe_count: 1
2026-04-22 16:16:10.362 - RealTimeSTT: realtimestt - DEBUG - Receive from parent_transcription_pipe after sendiung transcription request, transcribe_count: 1
2026-04-22 16:16:10.474 - RealTimeSTT: realtimestt - DEBUG - Receive from parent_transcription_pipe after sendiung transcription request, transcribe_count: 1
2026-04-22 16:16:10.581 - RealTimeSTT: realtimestt - DEBUG - Receive from parent_transcription_pipe after sendiung transcription request, transcribe_count: 1
2026-04-22 16:16:10.689 - RealTimeSTT: realtimestt - DEBUG - Receive from parent_transcription_pipe after sendiung transcription request, transcribe_count: 1
2026-04-22 16:16:10.726 - RealTimeSTT: realtimestt - INFO - State changed from 'transcribing' to 'inactive'
2026-04-22 16:16:10.729 - RealTimeSTT: realtimestt - DEBUG - Model tiny completed transcription in 1.35 seconds
2026-04-22 16:16:10.731 - RealTimeSTT: realtimestt - INFO - Setting listen time
2026-04-22 16:16:10.732 - RealTimeSTT: realtimestt - INFO - State changed from 'inactive' to 'listening'
2026-04-22 16:16:10.732 - RealTimeSTT: realtimestt - DEBUG - Waiting for recording start
2026-04-22 16:16:27.508 - RealTimeSTT: realtimestt - INFO - voice activity detected
2026-04-22 16:16:27.508 - RealTimeSTT: realtimestt - INFO - recording started
2026-04-22 16:16:27.508 - RealTimeSTT: realtimestt - INFO - State changed from 'listening' to 'recording'
2026-04-22 16:16:27.509 - RealTimeSTT: realtimestt - DEBUG - Waiting for recording stop
2026-04-22 16:16:27.516 - RealTimeSTT: realtimestt - DEBUG - Current realtime buffer size: 16896
2026-04-22 16:16:28.405 - RealTimeSTT: realtimestt - DEBUG - Receive from realtime worker after transcription request to main model
2026-04-22 16:16:28.406 - RealTimeSTT: realtimestt - DEBUG - Realtime text detected with main model: Außen.
2026-04-22 16:16:28.406 - RealTimeSTT: realtimestt - DEBUG - Current realtime buffer size: 30208
2026-04-22 16:16:28.732 - RealTimeSTT: realtimestt - INFO - recording stopped
2026-04-22 16:16:28.735 - RealTimeSTT: realtimestt - DEBUG - No samples removed, final audio length: 35840
2026-04-22 16:16:28.736 - RealTimeSTT: realtimestt - INFO - State changed from 'recording' to 'inactive'
2026-04-22 16:16:28.737 - RealTimeSTT: realtimestt - INFO - State changed from 'inactive' to 'transcribing'
2026-04-22 16:16:29.321 - RealTimeSTT: realtimestt - DEBUG - Receive from realtime worker after transcription request to main model
2026-04-22 16:16:29.321 - RealTimeSTT: realtimestt - DEBUG - Realtime text detected with main model: Außen, vier.
2026-04-22 16:16:29.322 - RealTimeSTT: realtimestt - DEBUG - Adding transcription request, no early transcription started
2026-04-22 16:16:29.323 - RealTimeSTT: realtimestt - DEBUG - Receive from parent_transcription_pipe after sendiung transcription request, transcribe_count: 1
2026-04-22 16:16:29.431 - RealTimeSTT: realtimestt - DEBUG - Receive from parent_transcription_pipe after sendiung transcription request, transcribe_count: 1
2026-04-22 16:16:29.540 - RealTimeSTT: realtimestt - DEBUG - Receive from parent_transcription_pipe after sendiung transcription request, transcribe_count: 1
2026-04-22 16:16:29.646 - RealTimeSTT: realtimestt - DEBUG - Receive from parent_transcription_pipe after sendiung transcription request, transcribe_count: 1
2026-04-22 16:16:29.755 - RealTimeSTT: realtimestt - DEBUG - Receive from parent_transcription_pipe after sendiung transcription request, transcribe_count: 1
2026-04-22 16:16:29.862 - RealTimeSTT: realtimestt - DEBUG - Receive from parent_transcription_pipe after sendiung transcription request, transcribe_count: 1
2026-04-22 16:16:29.974 - RealTimeSTT: realtimestt - DEBUG - Receive from parent_transcription_pipe after sendiung transcription request, transcribe_count: 1
2026-04-22 16:16:30.086 - RealTimeSTT: realtimestt - DEBUG - Receive from parent_transcription_pipe after sendiung transcription request, transcribe_count: 1
2026-04-22 16:16:30.193 - RealTimeSTT: realtimestt - DEBUG - Receive from parent_transcription_pipe after sendiung transcription request, transcribe_count: 1
2026-04-22 16:16:30.234 - RealTimeSTT: realtimestt - INFO - State changed from 'transcribing' to 'inactive'
2026-04-22 16:16:30.236 - RealTimeSTT: realtimestt - DEBUG - Model tiny completed transcription in 0.91 seconds
2026-04-22 16:16:30.237 - RealTimeSTT: realtimestt - INFO - Setting listen time
2026-04-22 16:16:30.238 - RealTimeSTT: realtimestt - INFO - State changed from 'inactive' to 'listening'
2026-04-22 16:16:30.238 - RealTimeSTT: realtimestt - DEBUG - Waiting for recording start
2026-04-22 16:16:32.888 - RealTimeSTT: realtimestt - INFO - voice activity detected
2026-04-22 16:16:32.888 - RealTimeSTT: realtimestt - INFO - recording started
2026-04-22 16:16:32.888 - RealTimeSTT: realtimestt - INFO - State changed from 'listening' to 'recording'
2026-04-22 16:16:32.888 - RealTimeSTT: realtimestt - DEBUG - Waiting for recording stop
2026-04-22 16:16:32.903 - RealTimeSTT: realtimestt - DEBUG - Current realtime buffer size: 16896
2026-04-22 16:16:32.922 - RealTimeSTT: realtimestt - DEBUG - Receive from realtime worker after transcription request to main model
2026-04-22 16:16:32.924 - RealTimeSTT: realtimestt - DEBUG - Realtime text detected with main model: 
2026-04-22 16:16:33.103 - RealTimeSTT: realtimestt - DEBUG - Current realtime buffer size: 19968
2026-04-22 16:16:33.138 - RealTimeSTT: realtimestt - DEBUG - Receive from realtime worker after transcription request to main model
2026-04-22 16:16:33.139 - RealTimeSTT: realtimestt - DEBUG - Realtime text detected with main model: 
2026-04-22 16:16:33.303 - RealTimeSTT: realtimestt - DEBUG - Current realtime buffer size: 23040
2026-04-22 16:16:33.325 - RealTimeSTT: realtimestt - DEBUG - Receive from realtime worker after transcription request to main model
2026-04-22 16:16:33.326 - RealTimeSTT: realtimestt - DEBUG - Realtime text detected with main model: 
2026-04-22 16:16:33.651 - RealTimeSTT: realtimestt - INFO - recording stopped
2026-04-22 16:16:33.652 - RealTimeSTT: realtimestt - DEBUG - No samples removed, final audio length: 28672
2026-04-22 16:16:33.652 - RealTimeSTT: realtimestt - INFO - State changed from 'recording' to 'inactive'
2026-04-22 16:16:33.653 - RealTimeSTT: realtimestt - INFO - State changed from 'inactive' to 'transcribing'
2026-04-22 16:16:33.653 - RealTimeSTT: realtimestt - DEBUG - Adding transcription request, no early transcription started
2026-04-22 16:16:33.654 - RealTimeSTT: realtimestt - DEBUG - Receive from parent_transcription_pipe after sendiung transcription request, transcribe_count: 1
2026-04-22 16:16:33.683 - RealTimeSTT: realtimestt - INFO - State changed from 'transcribing' to 'inactive'
2026-04-22 16:16:33.684 - RealTimeSTT: realtimestt - DEBUG - Model tiny completed transcription in 0.03 seconds
2026-04-22 16:16:33.686 - RealTimeSTT: realtimestt - INFO - Setting listen time
2026-04-22 16:16:33.686 - RealTimeSTT: realtimestt - INFO - State changed from 'inactive' to 'listening'
2026-04-22 16:16:33.686 - RealTimeSTT: realtimestt - DEBUG - Waiting for recording start
2026-04-22 16:16:38.128 - RealTimeSTT: realtimestt - INFO - voice activity detected
2026-04-22 16:16:38.128 - RealTimeSTT: realtimestt - INFO - recording started
2026-04-22 16:16:38.128 - RealTimeSTT: realtimestt - INFO - State changed from 'listening' to 'recording'
2026-04-22 16:16:38.128 - RealTimeSTT: realtimestt - DEBUG - Waiting for recording stop
2026-04-22 16:16:38.147 - RealTimeSTT: realtimestt - DEBUG - Current realtime buffer size: 16896
2026-04-22 16:16:38.902 - RealTimeSTT: realtimestt - INFO - recording stopped
2026-04-22 16:16:38.905 - RealTimeSTT: realtimestt - DEBUG - No samples removed, final audio length: 28672
2026-04-22 16:16:38.905 - RealTimeSTT: realtimestt - INFO - State changed from 'recording' to 'inactive'
2026-04-22 16:16:38.906 - RealTimeSTT: realtimestt - INFO - State changed from 'inactive' to 'transcribing'
2026-04-22 16:16:39.221 - RealTimeSTT: realtimestt - DEBUG - Receive from realtime worker after transcription request to main model
2026-04-22 16:16:39.222 - RealTimeSTT: realtimestt - DEBUG - Realtime text detected with main model: Fuenfuenfuenfuenfuen.
2026-04-22 16:16:39.222 - RealTimeSTT: realtimestt - DEBUG - Adding transcription request, no early transcription started
2026-04-22 16:16:39.224 - RealTimeSTT: realtimestt - DEBUG - Receive from parent_transcription_pipe after sendiung transcription request, transcribe_count: 1
2026-04-22 16:16:39.329 - RealTimeSTT: realtimestt - DEBUG - Receive from parent_transcription_pipe after sendiung transcription request, transcribe_count: 1
2026-04-22 16:16:39.438 - RealTimeSTT: realtimestt - DEBUG - Receive from parent_transcription_pipe after sendiung transcription request, transcribe_count: 1
2026-04-22 16:16:39.546 - RealTimeSTT: realtimestt - DEBUG - Receive from parent_transcription_pipe after sendiung transcription request, transcribe_count: 1
2026-04-22 16:16:39.654 - RealTimeSTT: realtimestt - DEBUG - Receive from parent_transcription_pipe after sendiung transcription request, transcribe_count: 1
2026-04-22 16:16:39.762 - RealTimeSTT: realtimestt - DEBUG - Receive from parent_transcription_pipe after sendiung transcription request, transcribe_count: 1
2026-04-22 16:16:39.872 - RealTimeSTT: realtimestt - DEBUG - Receive from parent_transcription_pipe after sendiung transcription request, transcribe_count: 1
2026-04-22 16:16:39.983 - RealTimeSTT: realtimestt - DEBUG - Receive from parent_transcription_pipe after sendiung transcription request, transcribe_count: 1
2026-04-22 16:16:40.090 - RealTimeSTT: realtimestt - DEBUG - Receive from parent_transcription_pipe after sendiung transcription request, transcribe_count: 1
2026-04-22 16:16:40.200 - RealTimeSTT: realtimestt - DEBUG - Receive from parent_transcription_pipe after sendiung transcription request, transcribe_count: 1
2026-04-22 16:16:40.309 - RealTimeSTT: realtimestt - DEBUG - Receive from parent_transcription_pipe after sendiung transcription request, transcribe_count: 1
2026-04-22 16:16:40.416 - RealTimeSTT: realtimestt - DEBUG - Receive from parent_transcription_pipe after sendiung transcription request, transcribe_count: 1
2026-04-22 16:16:40.526 - RealTimeSTT: realtimestt - DEBUG - Receive from parent_transcription_pipe after sendiung transcription request, transcribe_count: 1
2026-04-22 16:16:40.539 - RealTimeSTT: realtimestt - INFO - State changed from 'transcribing' to 'inactive'
2026-04-22 16:16:40.541 - RealTimeSTT: realtimestt - DEBUG - Model tiny completed transcription in 1.32 seconds
2026-04-22 16:16:40.542 - RealTimeSTT: realtimestt - INFO - Setting listen time
2026-04-22 16:16:40.543 - RealTimeSTT: realtimestt - INFO - State changed from 'inactive' to 'listening'
2026-04-22 16:16:40.543 - RealTimeSTT: realtimestt - DEBUG - Waiting for recording start
2026-04-22 16:16:41.302 - RealTimeSTT: realtimestt - DEBUG - Receive from stdout pipe
2026-04-22 16:16:41.303 - RealTimeSTT: realtimestt - INFO - None
2026-04-22 16:16:41.316 - RealTimeSTT: realtimestt - DEBUG - No samples removed, final audio length: 0
2026-04-22 16:16:41.316 - RealTimeSTT: realtimestt - INFO - State changed from 'listening' to 'inactive'
2026-04-22 16:16:41.317 - RealTimeSTT: realtimestt - INFO - Setting listen time
2026-04-22 16:16:41.317 - RealTimeSTT: realtimestt - INFO - State changed from 'inactive' to 'listening'
2026-04-22 16:16:41.317 - RealTimeSTT: realtimestt - DEBUG - Waiting for recording start
2026-04-22 16:16:41.347 - RealTimeSTT: realtimestt - DEBUG - No samples removed, final audio length: 0
2026-04-22 16:16:41.348 - RealTimeSTT: realtimestt - INFO - State changed from 'listening' to 'inactive'
2026-04-22 16:16:41.349 - RealTimeSTT: realtimestt - INFO - Setting listen time
2026-04-22 16:16:41.349 - RealTimeSTT: realtimestt - INFO - State changed from 'inactive' to 'listening'
2026-04-22 16:16:41.349 - RealTimeSTT: realtimestt - DEBUG - Waiting for recording start
