{
  "method": "homography_2d",
  "pairs": 24,
  "inliers": 24,
  "labels_used": [
    "A1",
    "A2",
    "A3",
    "A4",
    "A5",
    "A6",
    "A7",
    "A8",
    "B1",
    "B2",
    "B3",
    "B4",
    "B5",
    "B6",
    "B7",
    "B8",
    "C1",
    "C2",
    "C3",
    "C4",
    "C5",
    "C6",
    "C7",
    "C8"
  ],
  "board_pixels": {
    "A1": [
      229,
      109
    ],
    "A2": [
      365,
      113
    ],
    "A3": [
      493,
      117
    ],
    "A4": [
      492,
      247
    ],
    "A5": [
      491,
      379
    ],
    "A6": [
      360,
      380
    ],
    "A7": [
      225,
      380
    ],
    "A8": [
      227,
      244
    ],
    "B1": [
      275,
      155
    ],
    "B2": [
      364,
      157
    ],
    "B3": [
      450,
      159
    ],
    "B4": [
      450,
      247
    ],
    "B5": [
      449,
      335
    ],
    "B6": [
      361,
      334
    ],
    "B7": [
      271,
      334
    ],
    "B8": [
      273,
      245
    ],
    "C1": [
      318,
      201
    ],
    "C2": [
      363,
      201
    ],
    "C3": [
      406,
      201
    ],
    "C4": [
      406,
      246
    ],
    "C5": [
      407,
      290
    ],
    "C6": [
      362,
      290
    ],
    "C7": [
      318,
      289
    ],
    "C8": [
      318,
      245
    ]
  },
  "H": [
    [
      0.645364065627152,
      0.015384781017030046,
      -23.325343748754417
    ],
    [
      0.007960337131633702,
      -0.6491291849974401,
      156.51880553444437
    ],
    [
      -0.0001236634028722669,
      2.425948198301263e-05,
      1.0
    ]
  ]
}