{
  "method": "homography_2d",
  "pairs": 24,
  "inliers": 24,
  "labels_used": [
    "A1",
    "A2",
    "A3",
    "A4",
    "A5",
    "A6",
    "A7",
    "A8",
    "B1",
    "B2",
    "B3",
    "B4",
    "B5",
    "B6",
    "B7",
    "B8",
    "C1",
    "C2",
    "C3",
    "C4",
    "C5",
    "C6",
    "C7",
    "C8"
  ],
  "board_pixels": {
    "A1": [
      214,
      57
    ],
    "A2": [
      396,
      58
    ],
    "A3": [
      575,
      60
    ],
    "A4": [
      575,
      238
    ],
    "A5": [
      574,
      421
    ],
    "A6": [
      395,
      421
    ],
    "A7": [
      212,
      420
    ],
    "A8": [
      213,
      240
    ],
    "B1": [
      263,
      111
    ],
    "B2": [
      396,
      111
    ],
    "B3": [
      525,
      111
    ],
    "B4": [
      525,
      238
    ],
    "B5": [
      524,
      370
    ],
    "B6": [
      395,
      370
    ],
    "B7": [
      264,
      369
    ],
    "B8": [
      264,
      240
    ],
    "C1": [
      331,
      173
    ],
    "C2": [
      396,
      173
    ],
    "C3": [
      459,
      173
    ],
    "C4": [
      459,
      239
    ],
    "C5": [
      459,
      304
    ],
    "C6": [
      395,
      304
    ],
    "C7": [
      331,
      304
    ],
    "C8": [
      331,
      239
    ]
  },
  "H": [
    [
      0.7224291770369593,
      0.004462276714733401,
      -74.6312450244061
    ],
    [
      0.0005155006047822915,
      -0.7235690275347031,
      172.85959787550493
    ],
    [
      1.703201845522629e-05,
      1.1569951591048735e-05,
      1.0
    ]
  ]
}